url,alias,page_id,cluster,action,canonical_target,pillar_url,title,description,h1,schema_types,risk_flags,verification_status
https://moonn.ru/,,42678538,secondary,rewrite,https://moonn.ru/,https://moonn.ru/,Татьяна Мунн — психолог МГУ и эксперт по эмоциональному интеллекту,"Татьяна Мунн, психолог МГУ: консультации в Москве и онлайн, эмоциональный интеллект, подростки, экзамены, отзывы и запись.",Татьяна Мунн — психолог МГУ и эксперт по эмоциональному интеллекту,Person; WebSite; WebPage; BreadcrumbList,multiple_h1,packet_ready
https://moonn.ru/20251201,20251201,103166176,reviews_trust,rewrite,https://moonn.ru/20251201,https://moonn.ru/otzivi,Командировка преподавателя МГУ Татьяны Мунн в филиал МГУ в г,"Командировка преподавателя МГУ Татьяны Мунн в филиал МГУ в г: подтверждения опыта Татьяны Мунн, отзывы, мероприятия, лекции и внешние источники для проверки.",Командировка преподавателя МГУ Татьяны Мунн в филиал МГУ в г,Person; WebSite; WebPage; BreadcrumbList,,packet_ready
https://moonn.ru/20251213,20251213,103174846,reviews_trust,rewrite,https://moonn.ru/20251213,https://moonn.ru/otzivi,Татьяна Мунн выступит на Московской Неделе Интерьера и Дизайна —,"Татьяна Мунн выступит на Московской Неделе Интерьера и Дизайна —: подтверждения опыта Татьяны Мунн, отзывы, мероприятия, лекции и внешние источники для.",Татьяна Мунн выступит на Московской Неделе Интерьера и Дизайна —,Person; WebSite; WebPage; BreadcrumbList,,packet_ready
https://moonn.ru/20251216,20251216,103185256,reviews_trust,rewrite,https://moonn.ru/20251216,https://moonn.ru/otzivi,"16 декабря преподаватель, практикующий психолог и эксперт по","16 декабря преподаватель, практикующий психолог и эксперт по: подтверждения опыта Татьяны Мунн, отзывы, мероприятия, лекции и внешние источники для проверки.","16 декабря преподаватель, практикующий психолог и эксперт по",Person; WebSite; WebPage; BreadcrumbList,multiple_h1,packet_ready
https://moonn.ru/abuse_gaslight,abuse_gaslight,63684093,private_practice,rewrite,https://moonn.ru/abuse_gaslight,https://moonn.ru/psiholog,Абьюз и газлайтинг | — Татьяна Мунн,"Абьюз и газлайтинг |: консультации психолога Татьяны Мунн в Москве и онлайн без медицинских обещаний, с фокусом на эмоции, тревогу, отношения и устойчивость.",Абьюз и газлайтинг |,Person; WebSite; WebPage; BreadcrumbList; ProfessionalService,,packet_ready
https://moonn.ru/aromatherapy,aromatherapy,62470081,archive,noindex,,,Ароматерапия и эмоциональное состояние | — Татьяна Мунн,"Ароматерапия и эмоциональное состояние |: архивная страница проекта Татьяны Мунн, не используемая как основное SEO-направление.",Ароматерапия и эмоциональное состояние |,,deindex_until_rewritten; offtopic_entity_dilution,packet_ready
https://moonn.ru/article_diary_of_emotions,article_diary_of_emotions,62966623,private_practice,rewrite,https://moonn.ru/article_diary_of_emotions,https://moonn.ru/psiholog,Дневник эмоций — Татьяна Мунн,"Дневник эмоций: консультации психолога Татьяны Мунн в Москве и онлайн без медицинских обещаний, с фокусом на эмоции, тревогу, отношения и устойчивость.",Дневник эмоций,Person; WebSite; WebPage; BreadcrumbList; ProfessionalService; Article,,packet_ready
https://moonn.ru/article_femininity,article_femininity,64057747,private_practice,rewrite,https://moonn.ru/article_femininity,https://moonn.ru/psiholog,Женственность в отношениях — Татьяна Мунн,"Женственность в отношениях: консультации психолога Татьяны Мунн в Москве и онлайн без медицинских обещаний, с фокусом на эмоции, тревогу, отношения и.",Женственность в отношениях,Person; WebSite; WebPage; BreadcrumbList; ProfessionalService; Article,,packet_ready
https://moonn.ru/article_gadget_addiction,article_gadget_addiction,63692311,teen_exam_family,rewrite,https://moonn.ru/article_gadget_addiction,https://moonn.ru/psypodgotovka1,Зависимость подростков от гаджетов — Татьяна Мунн,"Зависимость подростков от гаджетов: психологическая поддержка подростков, студентов и родителей при тревоге, экзаменах, общении и учебной нагрузке.",Зависимость подростков от гаджетов,Person; WebSite; WebPage; BreadcrumbList; Article,,packet_ready
https://moonn.ru/article_toxic_job,article_toxic_job,64061157,private_practice,rewrite,https://moonn.ru/article_toxic_job,https://moonn.ru/psiholog,Негативные эмоции на работе — Татьяна Мунн,"Негативные эмоции на работе: консультации психолога Татьяны Мунн в Москве и онлайн без медицинских обещаний, с фокусом на эмоции, тревогу, отношения и.",Негативные эмоции на работе,Person; WebSite; WebPage; BreadcrumbList; ProfessionalService; Article,,packet_ready
https://moonn.ru/articles/eq-dlya-rukovoditeley,articles/eq-dlya-rukovoditeley,95349086,emotional_intelligence,rewrite,https://moonn.ru/articles/eq-dlya-rukovoditeley,https://moonn.ru/speaker,Эмоциональный интеллект руководителя — Татьяна Мунн,"Эмоциональный интеллект руководителя: лекции, статьи и программы Татьяны Мунн по эмоциональному интеллекту, саморегуляции, soft skills и устойчивости команд.",Эмоциональный интеллект руководителя,Person; WebSite; WebPage; BreadcrumbList; Article,,packet_ready
https://moonn.ru/baza-znaniy-emocionalnyy-intellekt-psihologiya,baza-znaniy-emocionalnyy-intellekt-psihologiya,135534246,emotional_intelligence,redirect,https://moonn.ru/emotional-intelligence/knowledge-base,https://moonn.ru/speaker,База знаний по психологии и эмоциональному интеллекту | психолог —,"База знаний по психологии и эмоциональному интеллекту | психолог —: лекции, статьи и программы Татьяны Мунн по эмоциональному интеллекту, саморегуляции, soft.",База знаний по психологии и эмоциональному интеллекту | психолог —,Person; WebSite; WebPage; BreadcrumbList,canonical_consolidation,packet_ready
https://moonn.ru/call,call,58224157,secondary,keep_indexed,https://moonn.ru/call,https://moonn.ru/,Blank page — Татьяна Мунн,Blank page: публичная сервисная страница проекта Татьяны Мунн без статуса основного SEO-направления.,Blank page,Person; WebSite; WebPage; BreadcrumbList,missing_h1,packet_ready
https://moonn.ru/depressivnoe-sostoyanie,depressivnoe-sostoyanie,114905296,private_practice,rewrite,https://moonn.ru/depressivnoe-sostoyanie,https://moonn.ru/psiholog,Депрессивное состояние и апатия. Помощь психолога — Татьяна Мунн,"Депрессивное состояние и апатия. Помощь психолога: консультации психолога Татьяны Мунн в Москве и онлайн без медицинских обещаний, с фокусом на эмоции.",Депрессивное состояние и апатия. Помощь психолога,Person; WebSite; WebPage; BreadcrumbList; ProfessionalService,medical_adjacent_claims; missing_h1,packet_ready
https://moonn.ru/eintellect,eintellect,63574637,emotional_intelligence,redirect,https://moonn.ru/emotional-intelligence/,https://moonn.ru/speaker,Эмоциональный интеллект | — Татьяна Мунн,"Эмоциональный интеллект |: лекции, статьи и программы Татьяны Мунн по эмоциональному интеллекту, саморегуляции, soft skills и устойчивости команд.",Эмоциональный интеллект |,Person; WebSite; WebPage; BreadcrumbList,canonical_consolidation,packet_ready
https://moonn.ru/emotional-intelligence/,emotional-intelligence/,90977486,emotional_intelligence,rewrite,https://moonn.ru/emotional-intelligence/,https://moonn.ru/speaker,Эмоциональный интеллект — Татьяна Мунн,"Эмоциональный интеллект: статьи, практики и обучение: лекции, статьи и программы Татьяны Мунн по эмоциональному интеллекту, саморегуляции, soft skills и.","Эмоциональный интеллект: статьи, практики и обучение",Person; WebSite; WebPage; BreadcrumbList,missing_h1,packet_ready
https://moonn.ru/emotional-intelligence/articles,emotional-intelligence/articles,91871866,emotional_intelligence,rewrite,https://moonn.ru/emotional-intelligence/articles,https://moonn.ru/speaker,Статьи по эмоциональному интеллекту — Татьяна Мунн,"Статьи по эмоциональному интеллекту: лекции, статьи и программы Татьяны Мунн по эмоциональному интеллекту, саморегуляции, soft skills и устойчивости команд.",Статьи по эмоциональному интеллекту,Person; WebSite; WebPage; BreadcrumbList; Article,missing_h1,packet_ready
https://moonn.ru/emotional-intelligence/articles/benefits-of-ei,emotional-intelligence/articles/benefits-of-ei,91171146,emotional_intelligence,rewrite,https://moonn.ru/emotional-intelligence/articles/benefits-of-ei,https://moonn.ru/speaker,Преимущества эмоционального интеллекта: что даёт развитый EQ в —,"Преимущества эмоционального интеллекта: что даёт развитый EQ в —: лекции, статьи и программы Татьяны Мунн по эмоциональному интеллекту, саморегуляции, soft.",Преимущества эмоционального интеллекта: что даёт развитый EQ в —,Person; WebSite; WebPage; BreadcrumbList; Article,missing_h1,packet_ready
https://moonn.ru/emotional-intelligence/articles/emotional-intelligence-skills,emotional-intelligence/articles/emotional-intelligence-skills,90952996,emotional_intelligence,rewrite,https://moonn.ru/emotional-intelligence/articles/emotional-intelligence-skills,https://moonn.ru/speaker,5 ключевых навыков эмоционального интеллекта: от осознанности до —,"5 ключевых навыков эмоционального интеллекта: от осознанности до —: лекции, статьи и программы Татьяны Мунн по эмоциональному интеллекту, саморегуляции, soft.",5 ключевых навыков эмоционального интеллекта: от осознанности до —,Person; WebSite; WebPage; BreadcrumbList; Article,missing_h1,packet_ready
https://moonn.ru/emotional-intelligence/articles/what-is-emotional-intelligence,emotional-intelligence/articles/what-is-emotional-intelligence,90782146,emotional_intelligence,rewrite,https://moonn.ru/emotional-intelligence/articles/what-is-emotional-intelligence,https://moonn.ru/speaker,Что такое эмоциональный интеллект? — Татьяна Мунн,"Что такое эмоциональный интеллект?: лекции, статьи и программы Татьяны Мунн по эмоциональному интеллекту, саморегуляции, soft skills и устойчивости команд.",Что такое эмоциональный интеллект?,Person; WebSite; WebPage; BreadcrumbList; Article,missing_h1,packet_ready
https://moonn.ru/emotional-intelligence/articles/why-ei-matters,emotional-intelligence/articles/why-ei-matters,91163626,emotional_intelligence,rewrite,https://moonn.ru/emotional-intelligence/articles/why-ei-matters,https://moonn.ru/speaker,Почему эмоциональный интеллект важнее IQ в карьере и жизни | —,"Почему эмоциональный интеллект важнее IQ в карьере и жизни | —: лекции, статьи и программы Татьяны Мунн по эмоциональному интеллекту, саморегуляции, soft.",Почему эмоциональный интеллект важнее IQ в карьере и жизни | —,Person; WebSite; WebPage; BreadcrumbList; Article,missing_h1,packet_ready
https://moonn.ru/emotional-intelligence/diagnostoka-ei,emotional-intelligence/diagnostoka-ei,91179886,emotional_intelligence,rewrite,https://moonn.ru/emotional-intelligence/diagnostoka-ei,https://moonn.ru/speaker,Диагностика эмоционального интеллекта: как измерить свой EQ | Тесты,"Диагностика эмоционального интеллекта: как измерить свой EQ | Тесты: лекции, статьи и программы Татьяны Мунн по эмоциональному интеллекту, саморегуляции.",Диагностика эмоционального интеллекта: как измерить свой EQ | Тесты,Person; WebSite; WebPage; BreadcrumbList,missing_h1,packet_ready
https://moonn.ru/emotional-intelligence/ei-leader-12,emotional-intelligence/ei-leader-12,99248306,emotional_intelligence,rewrite,https://moonn.ru/emotional-intelligence/ei-leader-12,https://moonn.ru/speaker,Эмоциональный интеллект лидера | — Татьяна Мунн,"Эмоциональный интеллект лидера |: лекции, статьи и программы Татьяны Мунн по эмоциональному интеллекту, саморегуляции, soft skills и устойчивости команд.",Эмоциональный интеллект лидера |,Person; WebSite; WebPage; BreadcrumbList,missing_h1,packet_ready
https://moonn.ru/emotional-intelligence/knowledge-base,emotional-intelligence/knowledge-base,91652626,emotional_intelligence,rewrite,https://moonn.ru/emotional-intelligence/knowledge-base,https://moonn.ru/speaker,База знаний по эмоциональному интеллекту — Татьяна Мунн,"База знаний по эмоциональному интеллекту: лекции, статьи и программы Татьяны Мунн по эмоциональному интеллекту, саморегуляции, soft skills и устойчивости.",База знаний по эмоциональному интеллекту,Person; WebSite; WebPage; BreadcrumbList; Article,missing_h1,packet_ready
https://moonn.ru/emotional-intelligence/knowledge-base/active-listening,emotional-intelligence/knowledge-base/active-listening,91729026,emotional_intelligence,rewrite,https://moonn.ru/emotional-intelligence/knowledge-base/active-listening,https://moonn.ru/speaker,Активное слушание: как научиться слышать и понимать людей | Татьяна,"Активное слушание: как научиться слышать и понимать людей | Татьяна: лекции, статьи и программы Татьяны Мунн по эмоциональному интеллекту, саморегуляции.",Активное слушание: как научиться слышать и понимать людей | Татьяна,Person; WebSite; WebPage; BreadcrumbList; Article,missing_h1,packet_ready
https://moonn.ru/emotional-intelligence/knowledge-base/assertiveness,emotional-intelligence/knowledge-base/assertiveness,91909316,emotional_intelligence,rewrite,https://moonn.ru/emotional-intelligence/knowledge-base/assertiveness,https://moonn.ru/speaker,"Ассертивность: как говорить уверенно, без агрессии и чувства вины —","Ассертивность: как говорить уверенно, без агрессии и чувства вины —: лекции, статьи и программы Татьяны Мунн по эмоциональному интеллекту, саморегуляции.","Ассертивность: как говорить уверенно, без агрессии и чувства вины —",Person; WebSite; WebPage; BreadcrumbList; Article,missing_h1,packet_ready
https://moonn.ru/emotional-intelligence/knowledge-base/burnout,emotional-intelligence/knowledge-base/burnout,91715996,emotional_intelligence,rewrite,https://moonn.ru/emotional-intelligence/knowledge-base/burnout,https://moonn.ru/speaker,"Выгорание: признаки, причины и восстановление — Татьяна Мунн","Выгорание: признаки, причины и восстановление: лекции, статьи и программы Татьяны Мунн по эмоциональному интеллекту, саморегуляции, soft skills и.","Выгорание: признаки, причины и восстановление",Person; WebSite; WebPage; BreadcrumbList; Article,missing_h1,packet_ready
https://moonn.ru/emotional-intelligence/knowledge-base/emotional-contagion,emotional-intelligence/knowledge-base/emotional-contagion,91846096,emotional_intelligence,rewrite,https://moonn.ru/emotional-intelligence/knowledge-base/emotional-contagion,https://moonn.ru/speaker,Эмоциональное заражение: как эмоции передаются людям и командам | —,"Эмоциональное заражение: как эмоции передаются людям и командам | —: лекции, статьи и программы Татьяны Мунн по эмоциональному интеллекту, саморегуляции.",Эмоциональное заражение: как эмоции передаются людям и командам | —,Person; WebSite; WebPage; BreadcrumbList; Article,missing_h1,packet_ready
https://moonn.ru/emotional-intelligence/knowledge-base/emotional-intelligence,emotional-intelligence/knowledge-base/emotional-intelligence,91652966,emotional_intelligence,rewrite,https://moonn.ru/emotional-intelligence/knowledge-base/emotional-intelligence,https://moonn.ru/speaker,Что такое эмоциональный интеллект и как он работает — Татьяна Мунн,"Что такое эмоциональный интеллект и как он работает: лекции, статьи и программы Татьяны Мунн по эмоциональному интеллекту, саморегуляции, soft skills и.",Что такое эмоциональный интеллект и как он работает,Person; WebSite; WebPage; BreadcrumbList; Article,missing_h1,packet_ready
https://moonn.ru/emotional-intelligence/knowledge-base/emotional-literacy,emotional-intelligence/knowledge-base/emotional-literacy,91692166,emotional_intelligence,rewrite,https://moonn.ru/emotional-intelligence/knowledge-base/emotional-literacy,https://moonn.ru/speaker,Эмоциональная грамотность — навык точного выражения чувств | —,"Эмоциональная грамотность — навык точного выражения чувств | —: лекции, статьи и программы Татьяны Мунн по эмоциональному интеллекту, саморегуляции, soft.",Эмоциональная грамотность — навык точного выражения чувств | —,Person; WebSite; WebPage; BreadcrumbList; Article,missing_h1,packet_ready
https://moonn.ru/emotional-intelligence/knowledge-base/emotional-maturity,emotional-intelligence/knowledge-base/emotional-maturity,91854286,emotional_intelligence,rewrite,https://moonn.ru/emotional-intelligence/knowledge-base/emotional-maturity,https://moonn.ru/speaker,Эмоциональная зрелость: как отличить и развивать — Татьяна Мунн,"Эмоциональная зрелость: как отличить и развивать: лекции, статьи и программы Татьяны Мунн по эмоциональному интеллекту, саморегуляции, soft skills и.",Эмоциональная зрелость: как отличить и развивать,Person; WebSite; WebPage; BreadcrumbList; Article,missing_h1,packet_ready
https://moonn.ru/emotional-intelligence/knowledge-base/empathy,emotional-intelligence/knowledge-base/empathy,91686486,emotional_intelligence,rewrite,https://moonn.ru/emotional-intelligence/knowledge-base/empathy,https://moonn.ru/speaker,Эмпатия — ключевой навык эмоционального интеллекта — Татьяна Мунн,"Эмпатия — ключевой навык эмоционального интеллекта: лекции, статьи и программы Татьяны Мунн по эмоциональному интеллекту, саморегуляции, soft skills и.",Эмпатия — ключевой навык эмоционального интеллекта,Person; WebSite; WebPage; BreadcrumbList; Article,missing_h1,packet_ready
https://moonn.ru/emotional-intelligence/knowledge-base/feedback,emotional-intelligence/knowledge-base/feedback,91915576,emotional_intelligence,rewrite,https://moonn.ru/emotional-intelligence/knowledge-base/feedback,https://moonn.ru/speaker,Обратная связь: как говорить честно и без конфликта — Татьяна Мунн,"Обратная связь: как говорить честно и без конфликта: лекции, статьи и программы Татьяны Мунн по эмоциональному интеллекту, саморегуляции, soft skills и.",Обратная связь: как говорить честно и без конфликта,Person; WebSite; WebPage; BreadcrumbList; Article,missing_h1,packet_ready
https://moonn.ru/emotional-intelligence/knowledge-base/intrinsic-motivation,emotional-intelligence/knowledge-base/intrinsic-motivation,91701376,emotional_intelligence,rewrite,https://moonn.ru/emotional-intelligence/knowledge-base/intrinsic-motivation,https://moonn.ru/speaker,Внутренняя мотивация: как её развивать и не потерять | психолог и —,"Внутренняя мотивация: как её развивать и не потерять | психолог и —: лекции, статьи и программы Татьяны Мунн по эмоциональному интеллекту, саморегуляции.",Внутренняя мотивация: как её развивать и не потерять | психолог и —,Person; WebSite; WebPage; BreadcrumbList; Article,missing_h1,packet_ready
https://moonn.ru/emotional-intelligence/knowledge-base/male-loneliness-russia,emotional-intelligence/knowledge-base/male-loneliness-russia,95339896,emotional_intelligence,rewrite,https://moonn.ru/emotional-intelligence/knowledge-base/male-loneliness-russia,https://moonn.ru/speaker,"Мужское одиночество в России: скрытый кризис, о котором не принято","Мужское одиночество в России: скрытый кризис, о котором не принято: лекции, статьи и программы Татьяны Мунн по эмоциональному интеллекту, саморегуляции, soft.","Мужское одиночество в России: скрытый кризис, о котором не принято",Person; WebSite; WebPage; BreadcrumbList; Article,,packet_ready
https://moonn.ru/emotional-intelligence/knowledge-base/nonviolent-communication,emotional-intelligence/knowledge-base/nonviolent-communication,91720476,emotional_intelligence,rewrite,https://moonn.ru/emotional-intelligence/knowledge-base/nonviolent-communication,https://moonn.ru/speaker,Ненасильственное общение (ННО/NVC): как говорить без конфликта | —,"Ненасильственное общение (ННО/NVC): как говорить без конфликта | —: лекции, статьи и программы Татьяны Мунн по эмоциональному интеллекту, саморегуляции, soft.",Ненасильственное общение (ННО/NVC): как говорить без конфликта | —,Person; WebSite; WebPage; BreadcrumbList; Article,missing_h1,packet_ready
https://moonn.ru/emotional-intelligence/knowledge-base/personal-boundaries,emotional-intelligence/knowledge-base/personal-boundaries,91724906,emotional_intelligence,rewrite,https://moonn.ru/emotional-intelligence/knowledge-base/personal-boundaries,https://moonn.ru/speaker,Личные границы: как их выстраивать и защищать — Татьяна Мунн,"Личные границы: как их выстраивать и защищать: лекции, статьи и программы Татьяны Мунн по эмоциональному интеллекту, саморегуляции, soft skills и.",Личные границы: как их выстраивать и защищать,Person; WebSite; WebPage; BreadcrumbList; Article,missing_h1,packet_ready
https://moonn.ru/emotional-intelligence/knowledge-base/psychological-safety,emotional-intelligence/knowledge-base/psychological-safety,91848716,emotional_intelligence,rewrite,https://moonn.ru/emotional-intelligence/knowledge-base/psychological-safety,https://moonn.ru/speaker,Психологическая безопасность команды: что это и как её создать | —,"Психологическая безопасность команды: что это и как её создать | —: лекции, статьи и программы Татьяны Мунн по эмоциональному интеллекту, саморегуляции, soft.",Психологическая безопасность команды: что это и как её создать | —,Person; WebSite; WebPage; BreadcrumbList; Article,missing_h1,packet_ready
https://moonn.ru/emotional-intelligence/knowledge-base/self-awareness,emotional-intelligence/knowledge-base/self-awareness,91665726,emotional_intelligence,rewrite,https://moonn.ru/emotional-intelligence/knowledge-base/self-awareness,https://moonn.ru/speaker,Самоосознанность: ключевой навык эмоционального интеллекта | —,"Самоосознанность: ключевой навык эмоционального интеллекта | —: лекции, статьи и программы Татьяны Мунн по эмоциональному интеллекту, саморегуляции, soft.",Самоосознанность: ключевой навык эмоционального интеллекта | —,Person; WebSite; WebPage; BreadcrumbList; Article,missing_h1,packet_ready
https://moonn.ru/emotional-intelligence/knowledge-base/self-regulation,emotional-intelligence/knowledge-base/self-regulation,91670976,emotional_intelligence,rewrite,https://moonn.ru/emotional-intelligence/knowledge-base/self-regulation,https://moonn.ru/speaker,Саморегуляция — ключевой навык эмоционального интеллекта | Татьяна,"Саморегуляция — ключевой навык эмоционального интеллекта | Татьяна: лекции, статьи и программы Татьяны Мунн по эмоциональному интеллекту, саморегуляции, soft.",Саморегуляция — ключевой навык эмоционального интеллекта | Татьяна,Person; WebSite; WebPage; BreadcrumbList; Article,missing_h1,packet_ready
https://moonn.ru/emotional-intelligence/knowledge-base/social-intelligence,emotional-intelligence/knowledge-base/social-intelligence,91696586,emotional_intelligence,rewrite,https://moonn.ru/emotional-intelligence/knowledge-base/social-intelligence,https://moonn.ru/speaker,Социальные навыки и социальный интеллект: как развивать | Татьяна —,"Социальные навыки и социальный интеллект: как развивать | Татьяна —: лекции, статьи и программы Татьяны Мунн по эмоциональному интеллекту, саморегуляции.",Социальные навыки и социальный интеллект: как развивать | Татьяна —,Person; WebSite; WebPage; BreadcrumbList; Article,missing_h1,packet_ready
https://moonn.ru/emotsionalnoe-vygoranie,emotsionalnoe-vygoranie,114894776,private_practice,rewrite,https://moonn.ru/emotsionalnoe-vygoranie,https://moonn.ru/psiholog,Эмоциональное выгорание. помощь психолога — Татьяна Мунн,"Эмоциональное выгорание. помощь психолога: консультации психолога Татьяны Мунн в Москве и онлайн без медицинских обещаний, с фокусом на эмоции, тревогу.",Эмоциональное выгорание. помощь психолога,Person; WebSite; WebPage; BreadcrumbList; ProfessionalService,missing_h1,packet_ready
https://moonn.ru/events,events,53668815,reviews_trust,rewrite,https://moonn.ru/events,https://moonn.ru/otzivi,Мероприятия Татьяны Мунн — психология и эмоциональный интеллект —,"Мероприятия Татьяны Мунн — психология и эмоциональный интеллект —: подтверждения опыта Татьяны Мунн, отзывы, мероприятия, лекции и внешние источники для.",Мероприятия Татьяны Мунн — психология и эмоциональный интеллект —,Person; WebSite; WebPage; BreadcrumbList; Event,missing_h1,packet_ready
https://moonn.ru/events_tp,events_tp,66814657,reviews_trust,rewrite,https://moonn.ru/events_tp,https://moonn.ru/otzivi,Лекции Татьяны Мунн по психологии — психология и эмоциональный —,"Лекции Татьяны Мунн по психологии — психология и эмоциональный —: подтверждения опыта Татьяны Мунн, отзывы, мероприятия, лекции и внешние источники для.",Лекции Татьяны Мунн по психологии — психология и эмоциональный —,Person; WebSite; WebPage; BreadcrumbList; Event,missing_h1,packet_ready
https://moonn.ru/exam-preparation-psychology,exam-preparation-psychology,94940966,teen_exam_family,rewrite,https://moonn.ru/exam-preparation-psychology,https://moonn.ru/psypodgotovka1,Психологическая подготовка к экзаменам – курс Татьяны Мунн (МГУ) —,"Психологическая подготовка к экзаменам – курс Татьяны Мунн (МГУ) —: психологическая поддержка подростков, студентов и родителей при тревоге, экзаменах.",Психологическая подготовка к экзаменам – курс Татьяны Мунн (МГУ) —,Person; WebSite; WebPage; BreadcrumbList,,packet_ready
https://moonn.ru/geshtalt,geshtalt,63388057,archive,noindex,,,Гештальт-подход | — Татьяна Мунн,"Гештальт-подход |: архивная страница проекта Татьяны Мунн, не используемая как основное SEO-направление.",Гештальт-подход |,,deindex_until_rewritten,packet_ready
https://moonn.ru/kartiny-tatiany-munn,kartiny-tatiany-munn,140864526,secondary,keep_indexed,https://moonn.ru/kartiny-tatiany-munn,https://moonn.ru/,Картины Татьяны Мунн — 3D-галерея и персональный код,Картины Татьяны Мунн: 3D-галерея и персональный код: публичная сервисная страница проекта Татьяны Мунн без статуса основного SEO-направления.,Картины Татьяны Мунн: 3D-галерея и персональный код,Person; WebSite; WebPage; BreadcrumbList,,packet_ready
https://moonn.ru/kpt,kpt,63403669,archive,noindex,,,Когнитивно-поведенческая терапия | — Татьяна Мунн,"Когнитивно-поведенческая терапия |: архивная страница проекта Татьяны Мунн, не используемая как основное SEO-направление.",Когнитивно-поведенческая терапия |,,deindex_until_rewritten,packet_ready
https://moonn.ru/kurs-ei,kurs-ei,124264896,emotional_intelligence,rewrite,https://moonn.ru/kurs-ei,https://moonn.ru/speaker,Курс по эмоциональному интеллекту | — Татьяна Мунн,"Курс по эмоциональному интеллекту |: лекции, статьи и программы Татьяны Мунн по эмоциональному интеллекту, саморегуляции, soft skills и устойчивости команд.",Курс по эмоциональному интеллекту |,Person; WebSite; WebPage; BreadcrumbList,,packet_ready
https://moonn.ru/lectures1,lectures1,68295899,reviews_trust,rewrite,https://moonn.ru/lectures1,https://moonn.ru/otzivi,Архив лекций Татьяны Мунн — психология и эмоциональный интеллект —,"Архив лекций Татьяны Мунн — психология и эмоциональный интеллект —: подтверждения опыта Татьяны Мунн, отзывы, мероприятия, лекции и внешние источники для.",Архив лекций Татьяны Мунн — психология и эмоциональный интеллект —,Person; WebSite; WebPage; BreadcrumbList; Event,missing_h1,packet_ready
https://moonn.ru/microbiom,microbiom,62477227,archive,noindex,,,Микробиом и эмоциональное состояние | — Татьяна Мунн,"Микробиом и эмоциональное состояние |: архивная страница проекта Татьяны Мунн, не используемая как основное SEO-направление.",Микробиом и эмоциональное состояние |,,deindex_until_rewritten; offtopic_entity_dilution; missing_h1,packet_ready
https://moonn.ru/novosti,novosti,103178546,reviews_trust,rewrite,https://moonn.ru/novosti,https://moonn.ru/otzivi,Командировка преподавателя МГУ Татьяны Мунн в филиал МГУ в г —,"Командировка преподавателя МГУ Татьяны Мунн в филиал МГУ в г —: подтверждения опыта Татьяны Мунн, отзывы, мероприятия, лекции и внешние источники для.",Командировка преподавателя МГУ Татьяны Мунн в филиал МГУ в г —,Person; WebSite; WebPage; BreadcrumbList,missing_h1,packet_ready
https://moonn.ru/novosti20251113,novosti20251113,94784166,reviews_trust,rewrite,https://moonn.ru/novosti20251113,https://moonn.ru/otzivi,Новости: 16 ноября 2025 года Татьяна Мунн выступит на Конгрессе,"Новости: 16 ноября 2025 года Татьяна Мунн выступит на Конгрессе: подтверждения опыта Татьяны Мунн, отзывы, мероприятия, лекции и внешние источники для.",Новости: 16 ноября 2025 года Татьяна Мунн выступит на Конгрессе,Person; WebSite; WebPage; BreadcrumbList,,packet_ready
https://moonn.ru/novosti20251118,novosti20251118,98322556,reviews_trust,rewrite,https://moonn.ru/novosti20251118,https://moonn.ru/otzivi,18 ноября 2025 года Татьяна Мунн выступит на Конференции МГУСиТ по,"18 ноября 2025 года Татьяна Мунн выступит на Конференции МГУСиТ по: подтверждения опыта Татьяны Мунн, отзывы, мероприятия, лекции и внешние источники для.",18 ноября 2025 года Татьяна Мунн выступит на Конференции МГУСиТ по,Person; WebSite; WebPage; BreadcrumbList,multiple_h1,packet_ready
https://moonn.ru/odinochestvo,odinochestvo,114920986,private_practice,rewrite,https://moonn.ru/odinochestvo,https://moonn.ru/psiholog,Одиночество. Помощь психолога — Татьяна Мунн,"Одиночество. Помощь психолога: консультации психолога Татьяны Мунн в Москве и онлайн без медицинских обещаний, с фокусом на эмоции, тревогу, отношения и.",Одиночество. Помощь психолога,Person; WebSite; WebPage; BreadcrumbList; ProfessionalService,missing_h1,packet_ready
https://moonn.ru/offer,offer,58199337,secondary,keep_indexed,https://moonn.ru/offer,https://moonn.ru/,Договор оферты — Татьяна Мунн,Договор оферты: публичная сервисная страница проекта Татьяны Мунн без статуса основного SEO-направления.,Договор оферты,Person; WebSite; WebPage; BreadcrumbList,missing_h1,packet_ready
https://moonn.ru/otnosheniya-i-granitsy,otnosheniya-i-granitsy,114913936,private_practice,rewrite,https://moonn.ru/otnosheniya-i-granitsy,https://moonn.ru/psiholog,Отношения и Границы. Помощь психолога — Татьяна Мунн,"Отношения и Границы. Помощь психолога: консультации психолога Татьяны Мунн в Москве и онлайн без медицинских обещаний, с фокусом на эмоции, тревогу.",Отношения и Границы. Помощь психолога,Person; WebSite; WebPage; BreadcrumbList; ProfessionalService,missing_h1,packet_ready
https://moonn.ru/otzivi,otzivi,81167556,reviews_trust,rewrite,https://moonn.ru/otzivi,https://moonn.ru/otzivi,Отзывы о психологе Татьяне Мунн — проверяемые источники,"Отзывы о психологе Татьяне Мунн из проверяемых источников: подтверждения опыта Татьяны Мунн, отзывы, мероприятия, лекции и внешние источники для проверки.",Отзывы о психологе Татьяне Мунн из проверяемых источников,Person; WebSite; WebPage; BreadcrumbList; ProfilePage; ItemList,multiple_h1,packet_ready
https://moonn.ru/page103169626.html,page103169626.html,103169626,archive,noindex,,,Новости — Татьяна Мунн,"Новости: архивная страница проекта Татьяны Мунн, не используемая как основное SEO-направление.",Новости,,missing_h1; opaque_or_test_slug,packet_ready
https://moonn.ru/page119171366.html,page119171366.html,119171366,archive,noindex,,,Татьяна Мунн - — Татьяна Мунн,"Татьяна Мунн -: архивная страница проекта Татьяны Мунн, не используемая как основное SEO-направление.",Татьяна Мунн -,,opaque_or_test_slug,packet_ready
https://moonn.ru/page120899276.html,page120899276.html,120899276,archive,noindex,,,Татьяна Мунн - — Татьяна Мунн,"Татьяна Мунн -: архивная страница проекта Татьяны Мунн, не используемая как основное SEO-направление.",Татьяна Мунн -,,opaque_or_test_slug,packet_ready
https://moonn.ru/page120915666.html,page120915666.html,120915666,archive,noindex,,,Татьяна Мунн - — Татьяна Мунн,"Татьяна Мунн -: архивная страница проекта Татьяны Мунн, не используемая как основное SEO-направление.",Татьяна Мунн -,,opaque_or_test_slug,packet_ready
https://moonn.ru/page120920636.html,page120920636.html,120920636,archive,noindex,,,Татьяна Мунн - — Татьяна Мунн,"Татьяна Мунн -: архивная страница проекта Татьяны Мунн, не используемая как основное SEO-направление.",Татьяна Мунн -,,opaque_or_test_slug,packet_ready
https://moonn.ru/page120929166.html,page120929166.html,120929166,archive,noindex,,,Татьяна Мунн - — Татьяна Мунн,"Татьяна Мунн -: архивная страница проекта Татьяны Мунн, не используемая как основное SEO-направление.",Татьяна Мунн -,,opaque_or_test_slug,packet_ready
https://moonn.ru/page120952796.html,page120952796.html,120952796,archive,noindex,,,Татьяна Мунн - — Татьяна Мунн,"Татьяна Мунн -: архивная страница проекта Татьяны Мунн, не используемая как основное SEO-направление.",Татьяна Мунн -,,opaque_or_test_slug,packet_ready
https://moonn.ru/page124646186.html,page124646186.html,124646186,archive,noindex,,,Татьяна Мунн - — Татьяна Мунн,"Татьяна Мунн -: архивная страница проекта Татьяны Мунн, не используемая как основное SEO-направление.",Татьяна Мунн -,,opaque_or_test_slug,packet_ready
https://moonn.ru/page135383536.html,page135383536.html,135383536,archive,noindex,,,Copy of БАЗА - ВАЖНО - тестовая страница — Татьяна Мунн,"Copy of БАЗА - ВАЖНО - тестовая страница: архивная страница проекта Татьяны Мунн, не используемая как основное SEO-направление.",Copy of БАЗА - ВАЖНО - тестовая страница,,missing_h1; opaque_or_test_slug,packet_ready
https://moonn.ru/page135428796.html,page135428796.html,135428796,archive,noindex,,,33_Главная страница — Татьяна Мунн,"33_Главная страница: архивная страница проекта Татьяны Мунн, не используемая как основное SEO-направление.",33_Главная страница,,missing_h1; opaque_or_test_slug,packet_ready
https://moonn.ru/page44456533.html,page44456533.html,44456533,archive,redirect,https://moonn.ru/uslugi_podrostki,,Записать подростка на консультацию психолога. Татьяна Мунн —,"Записать подростка на консультацию психолога. Татьяна Мунн —: архивная страница проекта Татьяны Мунн, не используемая как основное SEO-направление.",Записать подростка на консультацию психолога. Татьяна Мунн —,Person; WebSite; WebPage; BreadcrumbList,missing_h1; opaque_or_test_slug; canonical_consolidation,packet_ready
https://moonn.ru/page44458639.html,page44458639.html,44458639,archive,redirect,https://moonn.ru/uslugi_podrostki,,Записать ребенка (с 7 лет) на консультацию психолога. Татьяна Мунн,"Записать ребенка (с 7 лет) на консультацию психолога. Татьяна Мунн: архивная страница проекта Татьяны Мунн, не используемая как основное SEO-направление.",Записать ребенка (с 7 лет) на консультацию психолога. Татьяна Мунн,Person; WebSite; WebPage; BreadcrumbList,missing_h1; opaque_or_test_slug; canonical_consolidation,packet_ready
https://moonn.ru/page44459247.html,page44459247.html,44459247,archive,redirect,https://moonn.ru/psiholog,,Записаться на консультацию психолога — Татьяна Мунн,"Записаться на консультацию психолога: архивная страница проекта Татьяны Мунн, не используемая как основное SEO-направление.",Записаться на консультацию психолога,Person; WebSite; WebPage; BreadcrumbList,missing_h1; opaque_or_test_slug; canonical_consolidation,packet_ready
https://moonn.ru/page44526043.html,page44526043.html,44526043,archive,noindex,,,Семинар Выгорание на работе — Татьяна Мунн,"Семинар Выгорание на работе: архивная страница проекта Татьяны Мунн, не используемая как основное SEO-направление.",Семинар Выгорание на работе,,missing_h1; opaque_or_test_slug,packet_ready
https://moonn.ru/page44551635.html,page44551635.html,44551635,archive,redirect,https://moonn.ru/psypodgotovka1,,Психологическая подготовка к экзаменам. — Татьяна Мунн,"Психологическая подготовка к экзаменам.: архивная страница проекта Татьяны Мунн, не используемая как основное SEO-направление.",Психологическая подготовка к экзаменам.,Person; WebSite; WebPage; BreadcrumbList,missing_h1; opaque_or_test_slug; canonical_consolidation,packet_ready
https://moonn.ru/page44681917.html,page44681917.html,44681917,archive,redirect,https://moonn.ru/psiholog,,Психолог в Москве. Онлайн и Оффлайн. Консультация в кабинете —,"Психолог в Москве. Онлайн и Оффлайн. Консультация в кабинете —: архивная страница проекта Татьяны Мунн, не используемая как основное SEO-направление.",Психолог в Москве. Онлайн и Оффлайн. Консультация в кабинете —,Person; WebSite; WebPage; BreadcrumbList,missing_h1; opaque_or_test_slug; canonical_consolidation,packet_ready
https://moonn.ru/page45296765.html,page45296765.html,45296765,archive,redirect,https://moonn.ru/podrostkovyy-lager-psihologiya,,Летний Лагерь для Подростков по ПСИХОЛОГИИ - Школа ПРАКТИЧЕСКОЙ,"Летний Лагерь для Подростков по ПСИХОЛОГИИ - Школа ПРАКТИЧЕСКОЙ: архивная страница проекта Татьяны Мунн, не используемая как основное SEO-направление.",Летний Лагерь для Подростков по ПСИХОЛОГИИ - Школа ПРАКТИЧЕСКОЙ,Person; WebSite; WebPage; BreadcrumbList,missing_h1; opaque_or_test_slug; canonical_consolidation,packet_ready
https://moonn.ru/page45326465.html,page45326465.html,45326465,archive,redirect,https://moonn.ru/podrostkovyy-lager-psihologiya,,Школа Быстрой Психологии Татьяны Мунн в Москве — Татьяна Мунн,"Школа Быстрой Психологии Татьяны Мунн в Москве: архивная страница проекта Татьяны Мунн, не используемая как основное SEO-направление.",Школа Быстрой Психологии Татьяны Мунн в Москве,Person; WebSite; WebPage; BreadcrumbList,missing_h1; opaque_or_test_slug; canonical_consolidation,packet_ready
https://moonn.ru/page45468005.html,page45468005.html,45468005,archive,noindex,,,Copy of Вы можете стать спокойным и уверенным в себе человеком в,"Copy of Вы можете стать спокойным и уверенным в себе человеком в: архивная страница проекта Татьяны Мунн, не используемая как основное SEO-направление.",Copy of Вы можете стать спокойным и уверенным в себе человеком в,,missing_h1; opaque_or_test_slug,packet_ready
https://moonn.ru/page46838717.html,page46838717.html,46838717,archive,noindex,,,"Семинар по психологии - ВЫГОРАНИЕ - 19.05.2024 - г. Москва, вход","Семинар по психологии - ВЫГОРАНИЕ - 19.05.2024 - г. Москва, вход: архивная страница проекта Татьяны Мунн, не используемая как основное SEO-направление.","Семинар по психологии - ВЫГОРАНИЕ - 19.05.2024 - г. Москва, вход",,missing_h1; opaque_or_test_slug,packet_ready
https://moonn.ru/page47303655.html,page47303655.html,47303655,archive,noindex,,,Мастер-Класс - Быстрая Психология - метод снятия негативных,"Мастер-Класс - Быстрая Психология - метод снятия негативных: архивная страница проекта Татьяны Мунн, не используемая как основное SEO-направление.",Мастер-Класс - Быстрая Психология - метод снятия негативных,,missing_h1; opaque_or_test_slug,packet_ready
https://moonn.ru/page53913787.html,page53913787.html,53913787,archive,noindex,,,БЛОКИ - Архив разных блоков — Татьяна Мунн,"БЛОКИ - Архив разных блоков: архивная страница проекта Татьяны Мунн, не используемая как основное SEO-направление.",БЛОКИ - Архив разных блоков,,multiple_h1; opaque_or_test_slug,packet_ready
https://moonn.ru/page62923017.html,page62923017.html,62923017,archive,noindex,,,Новость — Татьяна Мунн,"Новость: архивная страница проекта Татьяны Мунн, не используемая как основное SEO-направление.",Новость,,missing_h1; opaque_or_test_slug,packet_ready
https://moonn.ru/page62951593.html,page62951593.html,62951593,archive,noindex,,,Статья - Книга Ненасильственное общение. Маршал Розенберг — Татьяна,"Статья - Книга Ненасильственное общение. Маршал Розенберг — Татьяна: архивная страница проекта Татьяны Мунн, не используемая как основное SEO-направление.",Статья - Книга Ненасильственное общение. Маршал Розенберг — Татьяна,,missing_h1; opaque_or_test_slug,packet_ready
https://moonn.ru/page62953471.html,page62953471.html,62953471,archive,noindex,,,Статья - Книга 5 языков любви Гэри Чепмен — Татьяна Мунн,"Статья - Книга 5 языков любви Гэри Чепмен: архивная страница проекта Татьяны Мунн, не используемая как основное SEO-направление.",Статья - Книга 5 языков любви Гэри Чепмен,,missing_h1; opaque_or_test_slug,packet_ready
https://moonn.ru/page62956267.html,page62956267.html,62956267,archive,noindex,,,Статья - Книга Как говорить чтобы дети слушали и слушать чтобы дети,"Статья - Книга Как говорить чтобы дети слушали и слушать чтобы дети: архивная страница проекта Татьяны Мунн, не используемая как основное SEO-направление.",Статья - Книга Как говорить чтобы дети слушали и слушать чтобы дети,,missing_h1; opaque_or_test_slug,packet_ready
https://moonn.ru/page62959307.html,page62959307.html,62959307,archive,noindex,,,Статья - Книга 7 навыков высокоэффективных людей. Стивен Кови —,"Статья - Книга 7 навыков высокоэффективных людей. Стивен Кови —: архивная страница проекта Татьяны Мунн, не используемая как основное SEO-направление.",Статья - Книга 7 навыков высокоэффективных людей. Стивен Кови —,,missing_h1; opaque_or_test_slug,packet_ready
https://moonn.ru/page62962631.html,page62962631.html,62962631,archive,noindex,,,Статья - Книга 4 Соглашения. Дон Мигель Риус — Татьяна Мунн,"Статья - Книга 4 Соглашения. Дон Мигель Риус: архивная страница проекта Татьяны Мунн, не используемая как основное SEO-направление.",Статья - Книга 4 Соглашения. Дон Мигель Риус,,missing_h1; opaque_or_test_slug,packet_ready
https://moonn.ru/page62964151.html,page62964151.html,62964151,archive,noindex,,,Статья - Книга Радикальное прощение. Колин Типпинг — Татьяна Мунн,"Статья - Книга Радикальное прощение. Колин Типпинг: архивная страница проекта Татьяны Мунн, не используемая как основное SEO-направление.",Статья - Книга Радикальное прощение. Колин Типпинг,,missing_h1; opaque_or_test_slug,packet_ready
https://moonn.ru/page62970147.html,page62970147.html,62970147,archive,redirect,https://moonn.ru/article_diary_of_emotions,,Статья - Почему плохо подавлять эмоции и как безопасно их выражать,"Статья - Почему плохо подавлять эмоции и как безопасно их выражать: архивная страница проекта Татьяны Мунн, не используемая как основное SEO-направление.",Статья - Почему плохо подавлять эмоции и как безопасно их выражать,Person; WebSite; WebPage; BreadcrumbList,missing_h1; opaque_or_test_slug; canonical_consolidation,packet_ready
https://moonn.ru/page63097209.html,page63097209.html,63097209,archive,noindex,,,Статья - Книга 12 правил жизни. Джордан Питерсон — Татьяна Мунн,"Статья - Книга 12 правил жизни. Джордан Питерсон: архивная страница проекта Татьяны Мунн, не используемая как основное SEO-направление.",Статья - Книга 12 правил жизни. Джордан Питерсон,,missing_h1; opaque_or_test_slug,packet_ready
https://moonn.ru/page63099675.html,page63099675.html,63099675,archive,noindex,,,Статья - Книга Очарование женственности. Хелен Анделин — Татьяна,"Статья - Книга Очарование женственности. Хелен Анделин — Татьяна: архивная страница проекта Татьяны Мунн, не используемая как основное SEO-направление.",Статья - Книга Очарование женственности. Хелен Анделин — Татьяна,,missing_h1; opaque_or_test_slug,packet_ready
https://moonn.ru/page63102709.html,page63102709.html,63102709,archive,noindex,,,Статья - Книга Поток Михай Чиксенмихайи. основные принципы —,"Статья - Книга Поток Михай Чиксенмихайи. основные принципы —: архивная страница проекта Татьяны Мунн, не используемая как основное SEO-направление.",Статья - Книга Поток Михай Чиксенмихайи. основные принципы —,,missing_h1; opaque_or_test_slug,packet_ready
https://moonn.ru/page63127703.html,page63127703.html,63127703,archive,noindex,,,Статья - Книга Путь Художника. Джулия Кэмерон — Татьяна Мунн,"Статья - Книга Путь Художника. Джулия Кэмерон: архивная страница проекта Татьяны Мунн, не используемая как основное SEO-направление.",Статья - Книга Путь Художника. Джулия Кэмерон,,missing_h1; opaque_or_test_slug,packet_ready
https://moonn.ru/page63700731.html,page63700731.html,63700731,archive,noindex,,,ШАБЛОН СТАТЬИ - Абьюзинг и газлайтинг: в чем суть и отличия. —,"ШАБЛОН СТАТЬИ - Абьюзинг и газлайтинг: в чем суть и отличия. —: архивная страница проекта Татьяны Мунн, не используемая как основное SEO-направление.",ШАБЛОН СТАТЬИ - Абьюзинг и газлайтинг: в чем суть и отличия. —,,missing_h1; opaque_or_test_slug,packet_ready
https://moonn.ru/page63702011.html,page63702011.html,63702011,archive,noindex,,,Squircle — Татьяна Мунн,"Squircle: архивная страница проекта Татьяны Мунн, не используемая как основное SEO-направление.",Squircle,,missing_h1; opaque_or_test_slug,packet_ready
https://moonn.ru/page90769516.html,page90769516.html,90769516,archive,noindex,,,Architecture — Татьяна Мунн,"Architecture: архивная страница проекта Татьяны Мунн, не используемая как основное SEO-направление.",Architecture,,missing_h1; opaque_or_test_slug,packet_ready
https://moonn.ru/page90770496.html,page90770496.html,90770496,archive,noindex,,,Iceland — Татьяна Мунн,"Iceland: архивная страница проекта Татьяны Мунн, не используемая как основное SEO-направление.",Iceland,,missing_h1; opaque_or_test_slug,packet_ready
https://moonn.ru/page90770666.html,page90770666.html,90770666,archive,noindex,,,Plastic — Татьяна Мунн,"Plastic: архивная страница проекта Татьяны Мунн, не используемая как основное SEO-направление.",Plastic,,missing_h1; opaque_or_test_slug,packet_ready
https://moonn.ru/page90781306.html,page90781306.html,90781306,archive,noindex,,,Simple Article — Татьяна Мунн,"Simple Article: архивная страница проекта Татьяны Мунн, не используемая как основное SEO-направление.",Simple Article,,missing_h1; opaque_or_test_slug,packet_ready
https://moonn.ru/page90781546.html,page90781546.html,90781546,archive,noindex,,,Top 10 List — Татьяна Мунн,"Top 10 List: архивная страница проекта Татьяны Мунн, не используемая как основное SEO-направление.",Top 10 List,,missing_h1; opaque_or_test_slug,packet_ready
https://moonn.ru/page90781686.html,page90781686.html,90781686,archive,noindex,,,Editorial Page — Татьяна Мунн,"Editorial Page: архивная страница проекта Татьяны Мунн, не используемая как основное SEO-направление.",Editorial Page,,missing_h1; opaque_or_test_slug,packet_ready
https://moonn.ru/panicheskie_ataki,panicheskie_ataki,62126761,private_practice,rewrite,https://moonn.ru/panicheskie_ataki,https://moonn.ru/psiholog,Панические атаки | — Татьяна Мунн,"Панические атаки |: консультации психолога Татьяны Мунн в Москве и онлайн без медицинских обещаний, с фокусом на эмоции, тревогу, отношения и устойчивость.",Панические атаки |,Person; WebSite; WebPage; BreadcrumbList; ProfessionalService,medical_adjacent_claims; multiple_h1,packet_ready
https://moonn.ru/pay-good-moon,pay-good-moon,54150173,secondary,keep_indexed,https://moonn.ru/pay-good-moon,https://moonn.ru/,Отлично оплата прошла — Татьяна Мунн,Отлично оплата прошла: публичная сервисная страница проекта Татьяны Мунн без статуса основного SEO-направления.,Отлично оплата прошла,Person; WebSite; WebPage; BreadcrumbList,missing_h1,packet_ready
https://moonn.ru/phytotherapy,phytotherapy,62462299,archive,noindex,,,Фитотерапия и эмоциональное состояние | — Татьяна Мунн,"Фитотерапия и эмоциональное состояние |: архивная страница проекта Татьяны Мунн, не используемая как основное SEO-направление.",Фитотерапия и эмоциональное состояние |,,deindex_until_rewritten; offtopic_entity_dilution; missing_h1,packet_ready
https://moonn.ru/platnye-treningi-seminary-programmy-tatiana-moonn,platnye-treningi-seminary-programmy-tatiana-moonn,135444166,emotional_intelligence,rewrite,https://moonn.ru/platnye-treningi-seminary-programmy-tatiana-moonn,https://moonn.ru/speaker,Платные тренинги и лекции Татьяны Мунн | — Татьяна Мунн,"Платные тренинги и лекции Татьяны Мунн |: лекции, статьи и программы Татьяны Мунн по эмоциональному интеллекту, саморегуляции, soft skills и устойчивости.",Платные тренинги и лекции Татьяны Мунн |,Person; WebSite; WebPage; BreadcrumbList,missing_h1,packet_ready
https://moonn.ru/podrostkovyy-lager-psihologiya,podrostkovyy-lager-psihologiya,140348786,teen_exam_family,rewrite,https://moonn.ru/podrostkovyy-lager-psihologiya,https://moonn.ru/psypodgotovka1,Подростковый лагерь по психологии — Татьяна Мунн,"Подростковый лагерь по психологии: психологическая поддержка подростков, студентов и родителей при тревоге, экзаменах, общении и учебной нагрузке.",Подростковый лагерь по психологии,Person; WebSite; WebPage; BreadcrumbList,missing_h1,packet_ready
https://moonn.ru/politic,politic,58199199,secondary,keep_indexed,https://moonn.ru/politic,https://moonn.ru/,Политика — Татьяна Мунн,Политика: публичная сервисная страница проекта Татьяны Мунн без статуса основного SEO-направления.,Политика,Person; WebSite; WebPage; BreadcrumbList,missing_h1,packet_ready
https://moonn.ru/programmakursa,programmakursa,124963886,emotional_intelligence,redirect,https://moonn.ru/kurs-ei,https://moonn.ru/speaker,Программа курса по эмоциональному интеллекту | — Татьяна Мунн,"Программа курса по эмоциональному интеллекту |: лекции, статьи и программы Татьяны Мунн по эмоциональному интеллекту, саморегуляции, soft skills и.",Программа курса по эмоциональному интеллекту |,Person; WebSite; WebPage; BreadcrumbList,canonical_consolidation,packet_ready
https://moonn.ru/psiholog,psiholog,114846506,private_practice,rewrite,https://moonn.ru/psiholog,https://moonn.ru/psiholog,Психолог в Москве и онлайн — Татьяна Мунн,"Психолог в Москве и онлайн: консультации Татьяны Мунн: консультации психолога Татьяны Мунн в Москве и онлайн без медицинских обещаний, с фокусом на эмоции.",Психолог в Москве и онлайн: консультации Татьяны Мунн,Person; WebSite; WebPage; BreadcrumbList; ProfessionalService,missing_h1,packet_ready
https://moonn.ru/psiholog-konsultacii-moskva,psiholog-konsultacii-moskva,135430346,private_practice,rewrite,https://moonn.ru/psiholog-konsultacii-moskva,https://moonn.ru/psiholog,Консультации психолога в Москве и онлайн: — Татьяна Мунн,"Консультации психолога в Москве и онлайн:: консультации психолога Татьяны Мунн в Москве и онлайн без медицинских обещаний, с фокусом на эмоции, тревогу.",Консультации психолога в Москве и онлайн:,Person; WebSite; WebPage; BreadcrumbList; ProfessionalService,multiple_h1,packet_ready
https://moonn.ru/psiholog-moskva-online,psiholog-moskva-online,115013506,private_practice,rewrite,https://moonn.ru/psiholog-moskva-online,https://moonn.ru/psiholog,Татьяна Мунн - — Татьяна Мунн,"Татьяна Мунн -: консультации психолога Татьяны Мунн в Москве и онлайн без медицинских обещаний, с фокусом на эмоции, тревогу, отношения и устойчивость.",Татьяна Мунн -,Person; WebSite; WebPage; BreadcrumbList; ProfessionalService,,packet_ready
https://moonn.ru/psiholog-tatiana-moonn,psiholog-tatiana-moonn,115095616,private_practice,rewrite,https://moonn.ru/psiholog-tatiana-moonn,https://moonn.ru/psiholog,Psiholog tatiana moonn — Татьяна Мунн,"Psiholog tatiana moonn: консультации психолога Татьяны Мунн в Москве и онлайн без медицинских обещаний, с фокусом на эмоции, тревогу, отношения и.",Psiholog tatiana moonn,Person; WebSite; WebPage; BreadcrumbList; ProfessionalService,,packet_ready
https://moonn.ru/psiholog_moskva,psiholog_moskva,62119659,secondary,redirect,https://moonn.ru/psiholog,https://moonn.ru/,Психолог в Москве: — Татьяна Мунн,Психолог в Москве:: публичная сервисная страница проекта Татьяны Мунн без статуса основного SEO-направления.,Психолог в Москве:,Person; WebSite; WebPage; BreadcrumbList,missing_h1; canonical_consolidation,packet_ready
https://moonn.ru/psihology,psihology,44682379,secondary,redirect,https://moonn.ru/psiholog,https://moonn.ru/,Психологическая помощь в Москве и онлайн | — Татьяна Мунн,Психологическая помощь в Москве и онлайн |: публичная сервисная страница проекта Татьяны Мунн без статуса основного SEO-направления.,Психологическая помощь в Москве и онлайн |,Person; WebSite; WebPage; BreadcrumbList,missing_h1; canonical_consolidation,packet_ready
https://moonn.ru/psy4psy,psy4psy,62908693,archive,noindex,,,Психолог для психолога | — Татьяна Мунн,"Психолог для психолога |: архивная страница проекта Татьяны Мунн, не используемая как основное SEO-направление.",Психолог для психолога |,,deindex_until_rewritten,packet_ready
https://moonn.ru/psychoanalys,psychoanalys,63398035,archive,noindex,,,Психоанализ | — Татьяна Мунн,"Психоанализ |: архивная страница проекта Татьяны Мунн, не используемая как основное SEO-направление.",Психоанализ |,,deindex_until_rewritten,packet_ready
https://moonn.ru/psypodgotovka1,psypodgotovka1,62652841,teen_exam_family,rewrite,https://moonn.ru/psypodgotovka1,https://moonn.ru/psypodgotovka1,Психологическая подготовка к ОГЭ и ЕГЭ — Татьяна Мунн,"Психологическая подготовка к экзаменам без паники: психологическая поддержка подростков, студентов и родителей при тревоге, экзаменах, общении и учебной.",Психологическая подготовка к экзаменам без паники,Person; WebSite; WebPage; BreadcrumbList,,packet_ready
https://moonn.ru/recomend,recomend,62977405,reviews_trust,rewrite,https://moonn.ru/recomend,https://moonn.ru/otzivi,Рекомендации и материалы Татьяны Мунн | — Татьяна Мунн,"Рекомендации и материалы Татьяны Мунн |: подтверждения опыта Татьяны Мунн, отзывы, мероприятия, лекции и внешние источники для проверки.",Рекомендации и материалы Татьяны Мунн |,Person; WebSite; WebPage; BreadcrumbList,,packet_ready
https://moonn.ru/salt,salt,63131581,archive,noindex,,,Соль и самочувствие | — Татьяна Мунн,"Соль и самочувствие |: архивная страница проекта Татьяны Мунн, не используемая как основное SEO-направление.",Соль и самочувствие |,,deindex_until_rewritten; offtopic_entity_dilution; missing_h1,packet_ready
https://moonn.ru/samoocenka-i-uverennost,samoocenka-i-uverennost,114910476,private_practice,rewrite,https://moonn.ru/samoocenka-i-uverennost,https://moonn.ru/psiholog,Низкая самооценка и неуверенность в себе. Помощь психолога —,"Низкая самооценка и неуверенность в себе. Помощь психолога —: консультации психолога Татьяны Мунн в Москве и онлайн без медицинских обещаний, с фокусом на.",Низкая самооценка и неуверенность в себе. Помощь психолога —,Person; WebSite; WebPage; BreadcrumbList; ProfessionalService,missing_h1,packet_ready
https://moonn.ru/schematherapy,schematherapy,63409841,archive,noindex,,,Схематерапия | — Татьяна Мунн,"Схематерапия |: архивная страница проекта Татьяны Мунн, не используемая как основное SEO-направление.",Схематерапия |,,deindex_until_rewritten; missing_h1,packet_ready
https://moonn.ru/selfharm,selfharm,62890623,secondary,noindex,,https://moonn.ru/,Самоповреждение у подростков | — Татьяна Мунн,Самоповреждение у подростков |: публичная сервисная страница проекта Татьяны Мунн без статуса основного SEO-направления.,Самоповреждение у подростков |,,deindex_until_rewritten; safety_legal_rewrite_required; missing_h1,packet_ready
https://moonn.ru/semeynie_konflikti_article,semeynie_konflikti_article,62923441,private_practice,rewrite,https://moonn.ru/semeynie_konflikti_article,https://moonn.ru/psiholog,Семейные конфликты — Татьяна Мунн,"Семейные конфликты: консультации психолога Татьяны Мунн в Москве и онлайн без медицинских обещаний, с фокусом на эмоции, тревогу, отношения и устойчивость.",Семейные конфликты,Person; WebSite; WebPage; BreadcrumbList; ProfessionalService; Article,missing_h1,packet_ready
https://moonn.ru/semeyniy_psiholog,semeyniy_psiholog,62920697,private_practice,rewrite,https://moonn.ru/semeyniy_psiholog,https://moonn.ru/psiholog,Семейный психолог: — Татьяна Мунн,"Семейный психолог:: консультации психолога Татьяны Мунн в Москве и онлайн без медицинских обещаний, с фокусом на эмоции, тревогу, отношения и устойчивость.",Семейный психолог:,Person; WebSite; WebPage; BreadcrumbList; ProfessionalService,missing_h1,packet_ready
https://moonn.ru/seminar555,seminar555,57927493,secondary,redirect,https://moonn.ru/events,https://moonn.ru/,Семинар по методу Быстрая психология | — Татьяна Мунн,Семинар по методу Быстрая психология |: публичная сервисная страница проекта Татьяны Мунн без статуса основного SEO-направления.,Семинар по методу Быстрая психология |,Person; WebSite; WebPage; BreadcrumbList,missing_h1; canonical_consolidation,packet_ready
https://moonn.ru/shkolapsihologii,shkolapsihologii,44556925,reviews_trust,rewrite,https://moonn.ru/shkolapsihologii,https://moonn.ru/otzivi,Летний Городской Лагерь в Москве (13-17 лет) - Школа ПРАКТИЧЕСКОЙ,"Летний Городской Лагерь в Москве (13-17 лет) - Школа ПРАКТИЧЕСКОЙ: подтверждения опыта Татьяны Мунн, отзывы, мероприятия, лекции и внешние источники для.",Летний Городской Лагерь в Москве (13-17 лет) - Школа ПРАКТИЧЕСКОЙ,Person; WebSite; WebPage; BreadcrumbList,missing_h1,packet_ready
https://moonn.ru/shppp333,shppp333,43765245,teen_exam_family,rewrite,https://moonn.ru/shppp333,https://moonn.ru/psypodgotovka1,Школа практической психологии для подростков | — Татьяна Мунн,"Школа практической психологии для подростков |: психологическая поддержка подростков, студентов и родителей при тревоге, экзаменах, общении и учебной.",Школа практической психологии для подростков |,Person; WebSite; WebPage; BreadcrumbList,,packet_ready
https://moonn.ru/speaker,speaker,87231366,emotional_intelligence,rewrite,https://moonn.ru/speaker,https://moonn.ru/speaker,Спикер по эмоциональному интеллекту — Татьяна Мунн,"Эмоциональный интеллект, лекции и выступления Татьяны Мунн: лекции, статьи и программы Татьяны Мунн по эмоциональному интеллекту, саморегуляции, soft skills.","Эмоциональный интеллект, лекции и выступления Татьяны Мунн",Person; WebSite; WebPage; BreadcrumbList,,packet_ready
https://moonn.ru/st1,st1,69732653,archive,redirect,https://moonn.ru/events,,"онлайн-тренинг ""Среда Трансформации"". — Татьяна Мунн","онлайн-тренинг ""Среда Трансформации"".: архивная страница проекта Татьяны Мунн, не используемая как основное SEO-направление.","онлайн-тренинг ""Среда Трансформации"".",Person; WebSite; WebPage; BreadcrumbList,missing_h1; opaque_or_test_slug; canonical_consolidation,packet_ready
https://moonn.ru/st2,st2,98329166,archive,redirect,https://moonn.ru/events,,"онлайн-тренинг ""Среда Трансформации"" стартует 31 декабря 2025 года","онлайн-тренинг ""Среда Трансформации"" стартует 31 декабря 2025 года: архивная страница проекта Татьяны Мунн, не используемая как основное SEO-направление.","онлайн-тренинг ""Среда Трансформации"" стартует 31 декабря 2025 года",Person; WebSite; WebPage; BreadcrumbList,missing_h1; opaque_or_test_slug; canonical_consolidation,packet_ready
https://moonn.ru/tatiana_moonn369,tatiana_moonn369,114893766,secondary,redirect,https://moonn.ru/psiholog,https://moonn.ru/,Татьяна Мунн - психолог в Москве — Татьяна Мунн,Татьяна Мунн - психолог в Москве: публичная сервисная страница проекта Татьяны Мунн без статуса основного SEO-направления.,Татьяна Мунн - психолог в Москве,Person; WebSite; WebPage; BreadcrumbList,missing_h1; canonical_consolidation,packet_ready
https://moonn.ru/test77,test77,90265106,archive,noindex,,,БАЗА - ВАЖНО - тестовая страница — Татьяна Мунн,"БАЗА - ВАЖНО - тестовая страница: архивная страница проекта Татьяны Мунн, не используемая как основное SEO-направление.",БАЗА - ВАЖНО - тестовая страница,,deindex_until_rewritten; opaque_or_test_slug,packet_ready
https://moonn.ru/trauma,trauma,63579285,private_practice,rewrite,https://moonn.ru/trauma,https://moonn.ru/psiholog,Психологическая травма | — Татьяна Мунн,"Психологическая травма |: консультации психолога Татьяны Мунн в Москве и онлайн без медицинских обещаний, с фокусом на эмоции, тревогу, отношения и.",Психологическая травма |,Person; WebSite; WebPage; BreadcrumbList; ProfessionalService,,packet_ready
https://moonn.ru/trevozhnost,trevozhnost,114901756,private_practice,rewrite,https://moonn.ru/trevozhnost,https://moonn.ru/psiholog,Тревожность. помощь психолога — Татьяна Мунн,"Тревожность. помощь психолога: консультации психолога Татьяны Мунн в Москве и онлайн без медицинских обещаний, с фокусом на эмоции, тревогу, отношения и.",Тревожность. помощь психолога,Person; WebSite; WebPage; BreadcrumbList; ProfessionalService,missing_h1,packet_ready
https://moonn.ru/uslugi_aerofobia,uslugi_aerofobia,63836583,private_practice,rewrite,https://moonn.ru/uslugi_aerofobia,https://moonn.ru/psiholog,Аэрофобия Консультации по страху полётов (аэрофобия): — Татьяна Мунн,"Аэрофобия Консультации по страху полётов (аэрофобия):: консультации психолога Татьяны Мунн в Москве и онлайн без медицинских обещаний, с фокусом на эмоции.",Аэрофобия Консультации по страху полётов (аэрофобия):,Person; WebSite; WebPage; BreadcrumbList; ProfessionalService,multiple_h1,packet_ready
https://moonn.ru/uslugi_depression,uslugi_depression,63747017,private_practice,rewrite,https://moonn.ru/uslugi_depression,https://moonn.ru/psiholog,Депрессивное состояние: понимание и преодоление: — Татьяна Мунн,"Депрессивное состояние: понимание и преодоление:: консультации психолога Татьяны Мунн в Москве и онлайн без медицинских обещаний, с фокусом на эмоции.",Депрессивное состояние: понимание и преодоление:,Person; WebSite; WebPage; BreadcrumbList; ProfessionalService,medical_adjacent_claims; multiple_h1,packet_ready
https://moonn.ru/uslugi_fin_blocks,uslugi_fin_blocks,63711321,private_practice,rewrite,https://moonn.ru/uslugi_fin_blocks,https://moonn.ru/psiholog,Проработка финансовых блоков: — Татьяна Мунн,"Проработка финансовых блоков:: консультации психолога Татьяны Мунн в Москве и онлайн без медицинских обещаний, с фокусом на эмоции, тревогу, отношения и.",Проработка финансовых блоков:,Person; WebSite; WebPage; BreadcrumbList; ProfessionalService,,packet_ready
https://moonn.ru/uslugi_gtr,uslugi_gtr,63758713,private_practice,rewrite,https://moonn.ru/uslugi_gtr,https://moonn.ru/psiholog,Тревожные расстройства: когда тревога становится болезнью: психолог,"Тревожные расстройства: когда тревога становится болезнью: психолог: консультации психолога Татьяны Мунн в Москве и онлайн без медицинских обещаний, с.",Тревожные расстройства: когда тревога становится болезнью: психолог,Person; WebSite; WebPage; BreadcrumbList; ProfessionalService,multiple_h1,packet_ready
https://moonn.ru/uslugi_konflikti_na_rabote,uslugi_konflikti_na_rabote,63716871,private_practice,rewrite,https://moonn.ru/uslugi_konflikti_na_rabote,https://moonn.ru/psiholog,"Проработка внутренних конфликтов, связанных с работой: — Татьяна","Проработка внутренних конфликтов, связанных с работой: — Татьяна: консультации психолога Татьяны Мунн в Москве и онлайн без медицинских обещаний, с фокусом.","Проработка внутренних конфликтов, связанных с работой: — Татьяна",Person; WebSite; WebPage; BreadcrumbList; ProfessionalService,,packet_ready
https://moonn.ru/uslugi_lubovnaya_zavisimost,uslugi_lubovnaya_zavisimost,63757347,private_practice,rewrite,https://moonn.ru/uslugi_lubovnaya_zavisimost,https://moonn.ru/psiholog,Любовные зависимости и привязанности: — Татьяна Мунн,"Любовные зависимости и привязанности:: консультации психолога Татьяны Мунн в Москве и онлайн без медицинских обещаний, с фокусом на эмоции, тревогу.",Любовные зависимости и привязанности:,Person; WebSite; WebPage; BreadcrumbList; ProfessionalService,multiple_h1,packet_ready
https://moonn.ru/uslugi_obida_na_roditelei,uslugi_obida_na_roditelei,63749211,private_practice,rewrite,https://moonn.ru/uslugi_obida_na_roditelei,https://moonn.ru/psiholog,"Обида на родителей - негативные чувства, связанные с детством —","Обида на родителей - негативные чувства, связанные с детством —: консультации психолога Татьяны Мунн в Москве и онлайн без медицинских обещаний, с фокусом на.","Обида на родителей - негативные чувства, связанные с детством —",Person; WebSite; WebPage; BreadcrumbList; ProfessionalService,multiple_h1,packet_ready
https://moonn.ru/uslugi_otnosheniya_v_kollektive,uslugi_otnosheniya_v_kollektive,63718371,private_practice,rewrite,https://moonn.ru/uslugi_otnosheniya_v_kollektive,https://moonn.ru/psiholog,Налаживание отношений в коллективе: — Татьяна Мунн,"Налаживание отношений в коллективе:: консультации психолога Татьяны Мунн в Москве и онлайн без медицинских обещаний, с фокусом на эмоции, тревогу, отношения.",Налаживание отношений в коллективе:,Person; WebSite; WebPage; BreadcrumbList; ProfessionalService,multiple_h1,packet_ready
https://moonn.ru/uslugi_podrostki,uslugi_podrostki,63713227,teen_exam_family,rewrite,https://moonn.ru/uslugi_podrostki,https://moonn.ru/psypodgotovka1,Психологическая консультация для подростков от 12 лет: — Татьяна,"Психологическая консультация для подростков от 12 лет: — Татьяна: психологическая поддержка подростков, студентов и родителей при тревоге, экзаменах, общении.",Психологическая консультация для подростков от 12 лет: — Татьяна,Person; WebSite; WebPage; BreadcrumbList,,packet_ready
https://moonn.ru/uslugi_procrastination,uslugi_procrastination,63750667,private_practice,rewrite,https://moonn.ru/uslugi_procrastination,https://moonn.ru/psiholog,Прокрастинация: Почему мы откладываем дела на потом и как перестать,"Прокрастинация: Почему мы откладываем дела на потом и как перестать: консультации психолога Татьяны Мунн в Москве и онлайн без медицинских обещаний, с.",Прокрастинация: Почему мы откладываем дела на потом и как перестать,Person; WebSite; WebPage; BreadcrumbList; ProfessionalService,multiple_h1,packet_ready
https://moonn.ru/uslugi_razvod,uslugi_razvod,63755367,private_practice,rewrite,https://moonn.ru/uslugi_razvod,https://moonn.ru/psiholog,"Помощь при расставании, измене, разводе: — Татьяна Мунн","Помощь при расставании, измене, разводе:: консультации психолога Татьяны Мунн в Москве и онлайн без медицинских обещаний, с фокусом на эмоции, тревогу.","Помощь при расставании, измене, разводе:",Person; WebSite; WebPage; BreadcrumbList; ProfessionalService,multiple_h1,packet_ready
https://moonn.ru/uslugi_sohranit_brak,uslugi_sohranit_brak,63752263,private_practice,rewrite,https://moonn.ru/uslugi_sohranit_brak,https://moonn.ru/psiholog,"Как сохранить брак: преодоление кризисов, восстановление доверия и","Как сохранить брак: преодоление кризисов, восстановление доверия и: консультации психолога Татьяны Мунн в Москве и онлайн без медицинских обещаний, с фокусом.","Как сохранить брак: преодоление кризисов, восстановление доверия и",Person; WebSite; WebPage; BreadcrumbList; ProfessionalService,multiple_h1,packet_ready
https://moonn.ru/vacuum_cups,vacuum_cups,63138325,archive,noindex,,,Вакуумные банки и самочувствие | — Татьяна Мунн,"Вакуумные банки и самочувствие |: архивная страница проекта Татьяны Мунн, не используемая как основное SEO-направление.",Вакуумные банки и самочувствие |,,deindex_until_rewritten; offtopic_entity_dilution; missing_h1,packet_ready
https://moonn.ru/vecherinka369,vecherinka369,73626523,secondary,redirect,https://moonn.ru/events,https://moonn.ru/,"Психологическая ВЕЧЕРИНКА ""Среда Трансформации"" 22.10.2025. —","Психологическая ВЕЧЕРИНКА ""Среда Трансформации"" 22.10.2025. —: публичная сервисная страница проекта Татьяны Мунн без статуса основного SEO-направления.","Психологическая ВЕЧЕРИНКА ""Среда Трансформации"" 22.10.2025. —",Person; WebSite; WebPage; BreadcrumbList,canonical_consolidation,packet_ready
https://moonn.ru/vigoranie_article,vigoranie_article,62988415,private_practice,rewrite,https://moonn.ru/vigoranie_article,https://moonn.ru/psiholog,Выгорание на работе — Татьяна Мунн,"Выгорание на работе: консультации психолога Татьяны Мунн в Москве и онлайн без медицинских обещаний, с фокусом на эмоции, тревогу, отношения и устойчивость.",Выгорание на работе,Person; WebSite; WebPage; BreadcrumbList; ProfessionalService; Article,,packet_ready
https://moonn.ru/vospitanie_article,vospitanie_article,62923037,teen_exam_family,rewrite,https://moonn.ru/vospitanie_article,https://moonn.ru/psypodgotovka1,Воспитание ребенка — Татьяна Мунн,"Воспитание ребенка: психологическая поддержка подростков, студентов и родителей при тревоге, экзаменах, общении и учебной нагрузке.",Воспитание ребенка,Person; WebSite; WebPage; BreadcrumbList; Article,missing_h1,packet_ready
https://moonn.ru/vystupleniya-lekcii-treningi-psiholog-tatiana-moonn,vystupleniya-lekcii-treningi-psiholog-tatiana-moonn,135442186,emotional_intelligence,rewrite,https://moonn.ru/vystupleniya-lekcii-treningi-psiholog-tatiana-moonn,https://moonn.ru/speaker,"Выступления, лекции и тренинги Татьяны Мунн — психология и —","Выступления, лекции и тренинги Татьяны Мунн — психология и —: лекции, статьи и программы Татьяны Мунн по эмоциональному интеллекту, саморегуляции, soft.","Выступления, лекции и тренинги Татьяны Мунн — психология и —",Person; WebSite; WebPage; BreadcrumbList,,packet_ready
https://moonn.ru/water,water,63552425,archive,noindex,,,Вода и психоэмоциональное состояние | — Татьяна Мунн,"Вода и психоэмоциональное состояние |: архивная страница проекта Татьяны Мунн, не используемая как основное SEO-направление.",Вода и психоэмоциональное состояние |,,deindex_until_rewritten; offtopic_entity_dilution,packet_ready
