decision,kind,status,url,titleLength,descriptionLength,h1Count,jsonLdCount,imageCount,imagesMissingAlt,issues,canonical,title,description
strengthen_seo,home,200,https://moonn.ru/,90,166,5,0,55,55,images_missing_alt;long_title;missing_jsonld;multiple_h1,https://moonn.ru,Психолог МГУ в Москве - Татьяна Мунн. Быстрая Психология (Психотерапия). г.Москва moonn.ru,Татьяна Мунн - Дипломированный Психолог МГУ. Москва. Онлайн. Очно. Кабинет. Быстрый результат за 1-3 встречи. Цена. Хороший частный психолог для подростков и взрослых
strengthen_seo,other,200,https://moonn.ru/20251201,108,76,1,0,5,5,canonical_mismatch;duplicate_description;duplicate_title;images_missing_alt;long_title;missing_jsonld,https://moonn.ru/novosti20251118,Командировка преподавателя МГУ Татьяны Мунн в филиал МГУ в г. Ташкенте (Узбекистан). 01–05 декабря 2025 года,"Тема лекций ""Психологическая подготовка студентов первого курса к экзаменам"""
strengthen_seo,other,200,https://moonn.ru/20251213,62,44,1,0,5,5,images_missing_alt;missing_jsonld;short_description,https://moonn.ru/20251213,Татьяна Мунн выступит на Московской Неделе Интерьера и Дизайна,"Тема выступления ""Порядок в доме и в голове"""
strengthen_seo,other,200,https://moonn.ru/20251216,255,255,3,0,5,5,images_missing_alt;long_description;long_title;missing_jsonld;multiple_h1,https://moonn.ru/20251216,"16 декабря преподаватель, практикующий психолог и эксперт по эмоциональному интеллекту Татьяна Мунн примет участие в Международной научно-практической конференции «Урбан-психология: вызовы нового времени и ответ мегаполиса», организованной факультетом пси","16 декабря преподаватель, практикующий психолог и эксперт по эмоциональному интеллекту Татьяна Мунн примет участие в Международной научно-практической конференции «Урбан-психология: вызовы нового времени и ответ мегаполиса», организованной факультетом пси"
strengthen_seo,other,200,https://moonn.ru/abuse_gaslight,75,85,1,0,11,11,duplicate_description;images_missing_alt;missing_jsonld,https://moonn.ru/abuse_gaslight,Статья - Абьюзинг и газлайтинг: в чем суть и отличия. Психолог Татьяна Мунн,Статья о психологическом насилии - Абьюзинг и Газлайтинг. Психолог Татьяна Мунн (МГУ)
strengthen_seo,other,200,https://moonn.ru/aromatherapy,119,130,0,0,19,19,images_missing_alt;long_title;missing_h1;missing_jsonld,https://moonn.ru/aromatherapy,Ароматерапия и Эфирные масла. Быстрая Психология: Использование ароматов в обретении внутренней гармонии и благополучия,Использование аромамасел в Психологии и Психотерапии. Подробное описание Ароматерапии. Татьяна Мунн - Дипломированный психолог МГУ
strengthen_seo,article,200,https://moonn.ru/article_diary_of_emotions,56,119,1,0,14,14,duplicate_description;images_missing_alt;missing_jsonld,https://moonn.ru/article_diary_of_emotions,Статья - Как вести Дневник Эмоций. Психолог Татьяна Мунн,Статья - Управление конфликтами в семье: методы эффективного разрешения и гармонизации отношений. Психолог Татьяна Мунн
strengthen_seo,article,200,https://moonn.ru/article_femininity,95,79,1,0,8,8,images_missing_alt;long_title;missing_jsonld,https://moonn.ru/article_femininity,Статья - Потеря женственности в отношениях. внутренние и внешние факторы. Психолог Татьяна Мунн,Статья о причинах потери женской привлекательности. Психолог Татьяна Мунн (МГУ)
strengthen_seo,article,200,https://moonn.ru/article_gadget_addiction,122,91,1,0,19,19,images_missing_alt;long_title;missing_jsonld,https://moonn.ru/article_gadget_addiction,"Статья - Зависимость подростков от гаджетов и социальных сетей: причины, последствия и пути решения. Психолог Татьяна Мунн",Статья о психологической зависимости от интернета у подростков. Психолог Татьяна Мунн (МГУ)
strengthen_seo,article,200,https://moonn.ru/article_toxic_job,92,125,1,0,2,2,images_missing_alt;long_title;missing_jsonld,https://moonn.ru/article_toxic_job,Статья - Как справиться с негативными эмоциями других людей на работе. Психолог Татьяна Мунн,"Статья о том, как не выгорать на работе, если Ваша работа связана с общением с токсичными людьми. Психолог Татьяна Мунн (МГУ)"
strengthen_seo,article,200,https://moonn.ru/articles/eq-dlya-rukovoditeley,88,127,1,0,2,2,canonical_mismatch;images_missing_alt;long_title;missing_jsonld,moonn.ru/articles/eq-dlya-rukovoditeley,Почему лидеры выгорают: эмоциональный интеллект как инструмент устойчивости руководителя,Мужчины-лидеры после 50 сталкиваются с невидимой нагрузкой. EQ помогает управлять стрессом и сохранять стратегическое мышление.
strengthen_seo,other,200,https://moonn.ru/baza-znaniy-emocionalnyy-intellekt-psihologiya,145,203,1,0,5,5,images_missing_alt;long_description;long_title;missing_jsonld,https://moonn.ru/baza-znaniy-emocionalnyy-intellekt-psihologiya,"База знаний Татьяны Мунн - статьи по психологии, эмоциям и soft skills, полезная информация - книги, статьи, видео, ссылки. Психолог Татьяна Мунн","База знаний Татьяны Мунн: статьи, полезные материалы и авторские разборы по эмоциональному интеллекту, психологии эмоций, soft skills, саморазвитию, отношениям, стрессу, выгоранию и личной эффективности."
strengthen_seo,legal_or_service,200,https://moonn.ru/call,10,0,0,0,2,2,images_missing_alt;missing_description;missing_h1;missing_jsonld;missing_og_image;short_title,https://moonn.ru/call,Blank page,
strengthen_seo,other,200,https://moonn.ru/depressivnoe-sostoyanie,103,102,0,0,8,8,duplicate_description;images_missing_alt;long_title;missing_h1;missing_jsonld,https://moonn.ru/depressivnoe-sostoyanie,"Депрессивное состояние и апатия. Помощь психолога - Татьяна Мунн (высокий рейтинг, быстрые результаты).","Татьяной Мунн - психолог с высоким рейтингом в Москве, хорошие отзывы, кабинет - метро Цветной бульвар"
strengthen_seo,other,200,https://moonn.ru/eintellect,105,63,1,0,5,5,images_missing_alt;long_title;missing_jsonld;short_description,https://moonn.ru/eintellect,Эмоциональный интеллект: Как стать хозяином своих эмоций и улучшить качество жизни. Психолог Татьяна Мунн,Статья об эмоциональном интеллекте. Психолог Татьяна Мунн (МГУ)
strengthen_seo,other,200,https://moonn.ru/emotional-intelligence/,23,151,0,0,4,4,canonical_mismatch;images_missing_alt;missing_h1;missing_jsonld;short_title,moonn.ru/emotional-intelligence/,ЭМОЦИОНАЛЬНЫЙ ИНТЕЛЛЕКТ,"Татьяна Мунн — практикующий психолог, спикер, преподаватель МГУ, автор метода «Быстрая психология», эксперт по soft skills и эмоциональному интеллекту."
strengthen_seo,article,200,https://moonn.ru/emotional-intelligence/articles,92,176,0,0,2,2,images_missing_alt;long_title;missing_h1;missing_jsonld,https://moonn.ru/emotional-intelligence/articles,"Статьи по эмоциональному интеллекту: глубокие разборы, практики, исследования | Татьяна Мунн","Авторские статьи Татьяны Мунн по развитию эмоционального интеллекта, лидерству, коммуникации, саморегуляции и soft skills. 30+ материалов для личного и профессионального роста."
strengthen_seo,article,200,https://moonn.ru/emotional-intelligence/articles/benefits-of-ei,77,136,0,0,2,2,images_missing_alt;missing_h1;missing_jsonld,https://moonn.ru/emotional-intelligence/articles/benefits-of-ei,Преимущества эмоционального интеллекта: что даёт развитый EQ в жизни и работе,"Как эмоциональный интеллект повышает продуктивность, снижает конфликты, улучшает отношения и защищает от выгорания. 10 доказанных выгод."
strengthen_seo,article,200,https://moonn.ru/emotional-intelligence/articles/emotional-intelligence-skills,72,126,0,0,2,2,images_missing_alt;missing_h1;missing_jsonld,https://moonn.ru/emotional-intelligence/articles/emotional-intelligence-skills,5 ключевых навыков эмоционального интеллекта: от осознанности до влияния,"Какие навыки входят в эмоциональный интеллект, как они развиваются и где применяются. Пошаговое объяснение + реальные примеры."
strengthen_seo,article,200,https://moonn.ru/emotional-intelligence/articles/what-is-emotional-intelligence,34,81,0,0,3,2,canonical_mismatch;images_missing_alt;missing_h1;missing_jsonld,moonn.ru/emotional-intelligence/chto_takoe_emotsionalnij_intellect/,Что такое эмоциональный интеллект?,"Объясняем простыми словами, как работает эмоциональный интеллект и зачем он нужен"
strengthen_seo,article,200,https://moonn.ru/emotional-intelligence/articles/why-ei-matters,83,135,0,0,2,2,images_missing_alt;long_title;missing_h1;missing_jsonld,https://moonn.ru/emotional-intelligence/articles/why-ei-matters,Почему эмоциональный интеллект важнее IQ в карьере и жизни | Научные доказательства,"Почему компании, HR и лидеры всё чаще говорят об эмоциональном интеллекте. Исследования, факты и примеры применения в работе и бизнесе."
strengthen_seo,other,200,https://moonn.ru/emotional-intelligence/diagnostoka-ei,76,122,0,0,3,3,images_missing_alt;missing_h1;missing_jsonld,https://moonn.ru/emotional-intelligence/diagnostoka-ei,Диагностика эмоционального интеллекта: как измерить свой EQ | Тесты и методы,"Как узнать уровень эмоционального интеллекта: тесты, валидные инструменты, ошибки самооценки и способы оценки в компаниях."
strengthen_seo,other,200,https://moonn.ru/emotional-intelligence/ei-leader-12,108,222,0,0,2,2,images_missing_alt;long_description;long_title;missing_h1;missing_jsonld,https://moonn.ru/emotional-intelligence/ei-leader-12,"Что делать лидеру с высоким эмоциональным интеллектом, если вышестоящий руководитель — эмоционально незрелый","Почему эффективные руководители сталкиваются с эмоционально незрелыми начальниками и как сохранить себя, команду и эффективность. Практические советы, эмоциональная устойчивость и профессиональная стратегия взаимодействия."
strengthen_seo,knowledge_base,200,https://moonn.ru/emotional-intelligence/knowledge-base,84,156,0,0,2,2,images_missing_alt;long_title;missing_h1;missing_jsonld,https://moonn.ru/emotional-intelligence/knowledge-base,"База знаний по эмоциональному интеллекту: термины, модели, упражнения | Татьяна Мунн","Подробная база знаний по эмоциональному интеллекту: объяснение ключевых понятий, навыков и научных моделей. Справочник для лидеров, коучей, психологов и HR."
strengthen_seo,knowledge_base,200,https://moonn.ru/emotional-intelligence/knowledge-base/active-listening,72,147,0,0,8,7,images_missing_alt;missing_h1;missing_jsonld,https://moonn.ru/emotional-intelligence/knowledge-base/active-listening,Активное слушание: как научиться слышать и понимать людей | Татьяна Мунн,"Что такое активное слушание, как развить этот навык, какие ошибки совершают лидеры и как применять технику в работе. Автор — психолог Татьяна Мунн."
strengthen_seo,knowledge_base,200,https://moonn.ru/emotional-intelligence/knowledge-base/assertiveness,80,144,0,0,8,7,images_missing_alt;missing_h1;missing_jsonld,https://moonn.ru/emotional-intelligence/knowledge-base/assertiveness,"Ассертивность: как говорить уверенно, без агрессии и чувства вины | Татьяна Мунн","Что такое ассертивность, как она отличается от агрессии и пассивности, и как развить уверенное поведение. Упражнения, примеры и техники общения."
strengthen_seo,knowledge_base,200,https://moonn.ru/emotional-intelligence/knowledge-base/burnout,60,135,0,0,8,7,images_missing_alt;missing_h1;missing_jsonld,https://moonn.ru/emotional-intelligence/knowledge-base/burnout,"Выгорание: признаки, причины и восстановление | Татьяна Мунн","Что такое выгорание, как его распознать и восстановиться. Научные модели, упражнения, ошибки и рекомендации. Автор — Татьяна Мунн, МГУ."
strengthen_seo,knowledge_base,200,https://moonn.ru/emotional-intelligence/knowledge-base/emotional-contagion,78,134,0,0,8,7,images_missing_alt;missing_h1;missing_jsonld,https://moonn.ru/emotional-intelligence/knowledge-base/emotional-contagion,Эмоциональное заражение: как эмоции передаются людям и командам | Татьяна Мунн,"Что такое эмоциональное заражение, как оно влияет на лидерство, коллектив и решения. Механизмы, примеры, советы. Автор — Татьяна Мунн."
strengthen_seo,knowledge_base,200,https://moonn.ru/emotional-intelligence/knowledge-base/emotional-intelligence,66,148,0,0,7,6,images_missing_alt;missing_h1;missing_jsonld,https://moonn.ru/emotional-intelligence/knowledge-base/emotional-intelligence,Что такое эмоциональный интеллект и как он работает | Татьяна Мунн,"Эмоциональный интеллект простыми словами: что это такое, из чего состоит, как влияет на работу, лидерство и отношения. Примеры, упражнения и модели."
strengthen_seo,knowledge_base,200,https://moonn.ru/emotional-intelligence/knowledge-base/emotional-literacy,73,152,0,0,7,6,images_missing_alt;missing_h1;missing_jsonld,https://moonn.ru/emotional-intelligence/knowledge-base/emotional-literacy,Эмоциональная грамотность — навык точного выражения чувств | Татьяна Мунн,"Что такое эмоциональная грамотность и как её развивать. Упражнения, ошибки, примеры применения в лидерстве и коммуникации. Автор: психолог Татьяна Мунн."
strengthen_seo,knowledge_base,200,https://moonn.ru/emotional-intelligence/knowledge-base/emotional-maturity,63,128,0,0,7,7,images_missing_alt;missing_h1;missing_jsonld,https://moonn.ru/emotional-intelligence/knowledge-base/emotional-maturity,Эмоциональная зрелость: как отличить и развивать | Татьяна Мунн,"Что такое эмоциональная зрелость, как она проявляется в поведении, почему важна в лидерстве. Характеристики, упражнения, ошибки."
strengthen_seo,knowledge_base,200,https://moonn.ru/emotional-intelligence/knowledge-base/empathy,65,132,0,0,8,7,images_missing_alt;missing_h1;missing_jsonld,https://moonn.ru/emotional-intelligence/knowledge-base/empathy,Эмпатия — ключевой навык эмоционального интеллекта | Татьяна Мунн,"Что такое эмпатия и как её развивать. Уровни эмпатии, упражнения, ошибки и примеры применения в лидерстве. Автор: Татьяна Мунн, МГУ."
strengthen_seo,knowledge_base,200,https://moonn.ru/emotional-intelligence/knowledge-base/feedback,66,122,0,0,8,7,images_missing_alt;missing_h1;missing_jsonld,https://moonn.ru/emotional-intelligence/knowledge-base/feedback,Обратная связь: как говорить честно и без конфликта | Татьяна Мунн,"Что такое обратная связь, как её правильно давать и принимать. Модели SBI и 2+1, ошибки и упражнения для лидеров и команд."
strengthen_seo,knowledge_base,200,https://moonn.ru/emotional-intelligence/knowledge-base/intrinsic-motivation,85,141,0,0,8,7,images_missing_alt;long_title;missing_h1;missing_jsonld,https://moonn.ru/emotional-intelligence/knowledge-base/intrinsic-motivation,Внутренняя мотивация: как её развивать и не потерять | психолог и спикер Татьяна Мунн,"Что такое внутренняя мотивация и чем она отличается от внешней. Механизмы, упражнения, ошибки и применение в лидерстве. Автор — Татьяна Мунн."
strengthen_seo,knowledge_base,200,https://moonn.ru/emotional-intelligence/knowledge-base/male-loneliness-russia,75,144,1,0,2,2,canonical_mismatch;images_missing_alt;missing_jsonld,moonn.ru/emotional-intelligence/knowledge-base/male-loneliness-russia,"Мужское одиночество в России: скрытый кризис, о котором не принято говорить","Мужское одиночество в России — растущая социальная проблема. Почему мужчины остаются без поддержки, наставников и друзей, и к чему это приводит."
strengthen_seo,knowledge_base,200,https://moonn.ru/emotional-intelligence/knowledge-base/nonviolent-communication,77,123,0,0,8,7,images_missing_alt;missing_h1;missing_jsonld,https://moonn.ru/emotional-intelligence/knowledge-base/nonviolent-communication,Ненасильственное общение (ННО/NVC): как говорить без конфликта | Татьяна Мунн,"Что такое ненасильственное общение, 4 шага NVC, примеры применения, упражнения и ошибки. База знаний по ЭИ от Татьяны Мунн."
strengthen_seo,knowledge_base,200,https://moonn.ru/emotional-intelligence/knowledge-base/personal-boundaries,60,150,0,0,8,7,images_missing_alt;missing_h1;missing_jsonld,https://moonn.ru/emotional-intelligence/knowledge-base/personal-boundaries,Личные границы: как их выстраивать и защищать | Татьяна Мунн,"Что такое личные границы, как их распознать, обозначить и сохранить без конфликта. Упражнения, ошибки, книги, практика. Автор — психолог Татьяна Мунн."
strengthen_seo,knowledge_base,200,https://moonn.ru/emotional-intelligence/knowledge-base/psychological-safety,77,140,0,0,8,7,images_missing_alt;missing_h1;missing_jsonld,https://moonn.ru/emotional-intelligence/knowledge-base/psychological-safety,Психологическая безопасность команды: что это и как её создать | Татьяна Мунн,"Психологическая безопасность — главный фактор эффективности команды. Как лидер создаёт среду, где можно говорить честно и не бояться ошибок."
strengthen_seo,knowledge_base,200,https://moonn.ru/emotional-intelligence/knowledge-base/self-awareness,73,145,0,0,7,6,images_missing_alt;missing_h1;missing_jsonld,https://moonn.ru/emotional-intelligence/knowledge-base/self-awareness,Самоосознанность: ключевой навык эмоционального интеллекта | Татьяна Мунн,"Что такое самоосознанность, как развивать навык внутреннего наблюдения, почему он важен для лидеров, команд и личных решений. Практики и примеры."
strengthen_seo,knowledge_base,200,https://moonn.ru/emotional-intelligence/knowledge-base/self-regulation,71,147,0,0,7,6,images_missing_alt;missing_h1;missing_jsonld,https://moonn.ru/emotional-intelligence/knowledge-base/self-regulation,Саморегуляция — ключевой навык эмоционального интеллекта | Татьяна Мунн,"Что такое саморегуляция и как ей управлять. Простая модель, ошибки, упражнения, примеры применения в работе и лидерстве. Автор — Татьяна Мунн, МГУ."
strengthen_seo,knowledge_base,200,https://moonn.ru/emotional-intelligence/knowledge-base/social-intelligence,70,149,0,0,7,6,images_missing_alt;missing_h1;missing_jsonld,https://moonn.ru/emotional-intelligence/knowledge-base/social-intelligence,Социальные навыки и социальный интеллект: как развивать | Татьяна Мунн,"Что такое социальный интеллект, как он связан с лидерством и переговорами. Упражнения, ошибки, научные источники. Авторская база знаний Татьяны Мунн."
strengthen_seo,other,200,https://moonn.ru/emotsionalnoe-vygoranie,95,102,0,0,8,8,duplicate_description;images_missing_alt;long_title;missing_h1;missing_jsonld,https://moonn.ru/emotsionalnoe-vygoranie,"Эмоциональное выгорание. помощь психолога - Татьяна Мунн (высокий рейтинг, быстрые результаты).","Татьяной Мунн - психолог с высоким рейтингом в Москве, хорошие отзывы, кабинет - метро Цветной бульвар"
strengthen_seo,lecture_or_events,200,https://moonn.ru/events,79,180,0,0,2,2,images_missing_alt;missing_h1;missing_jsonld,https://moonn.ru/events,Психолог Татьяна Мунн - ближайшие мероприятия. Бесплатные лекции по психологии.,Расписание лекций по психологии - Лето В Москве - Самый крупный летний фестиваль в Мире - в рамках Фестиваля Пройдет цикл бесплатных лекций по психологии от психолога Татьяна Мунн.
strengthen_seo,lecture_or_events,200,https://moonn.ru/events_tp,44,31,0,0,2,2,images_missing_alt;missing_h1;missing_jsonld;short_description,https://moonn.ru/events_tp,Психолог Татьяна Мунн - лекции по психологии,расписание лекций по психологии
strengthen_seo,other,200,https://moonn.ru/exam-preparation-psychology,64,160,1,0,5,5,canonical_mismatch;images_missing_alt;missing_jsonld,moonn.ru/exam-preparation-psychology,Психологическая подготовка к экзаменам – курс Татьяны Мунн (МГУ),"Эффективная подготовка к экзаменам без стресса: научные методы, упражнения для мозга, уверенность, концентрация и работа с тревогой. Автор – Татьяна Мунн (МГУ)."
strengthen_seo,other,200,https://moonn.ru/geshtalt,86,74,1,0,4,4,images_missing_alt;long_title;missing_jsonld,https://moonn.ru/geshtalt,Гештальт-терапия: путь к гармонии через осознанность и принятие. Психолог Татьяна Мунн,Основные принципы Гештальт Терапии. Психолог Татьяна Мунн (МГУ). Контакты.
strengthen_seo,other,200,https://moonn.ru/kpt,89,96,1,0,4,4,images_missing_alt;long_title;missing_jsonld,https://moonn.ru/kpt,Когнитивно-поведенческая терапия: что это такое и как это работает. Психолог Татьяна Мунн,Основные принципы КПТ (Когнитивно-Поведенческая Терапия). Психолог Татьяна Мунн (МГУ). Контакты.
strengthen_seo,other,200,https://moonn.ru/kurs-ei,72,138,1,1,9,2,duplicate_description;duplicate_title;images_missing_alt,https://moonn.ru/kurs-ei,Татьяна Мунн - психолог МГУ в Москве | Быстрая психология | Консультации,"Психолог МГУ Татьяна Мунн - консультации в Москве и онлайн. Быстрая психология: тревога, выгорание, отношения. Запись в Telegram/WhatsApp."
strengthen_seo,lecture_or_events,200,https://moonn.ru/lectures1,42,205,0,0,6,6,images_missing_alt;long_description;missing_h1;missing_jsonld,https://moonn.ru/lectures1,Лекции по ПСИХОЛОГИИ от Татьяны Мунн (МГУ),",список лекций по психологии, которые читает Татьяна Мунн (дипломированный психолог, практика 10+). Спикер, постоянный участник выставок, фестивалей, конференций по психологии. Психолог с Высоким рейтингом"
strengthen_seo,other,200,https://moonn.ru/microbiom,76,120,0,0,17,17,images_missing_alt;missing_h1;missing_jsonld,https://moonn.ru/microbiom,Микробиом и Психологическое состояние - как связаны. Лактобактерия L.Reuteri,как улучшить свое психологическое состояние с помощью приема Лактобактерий и Бифидобактерий. Психолог Татьяна Мунн 9МГУ)
strengthen_seo,other,200,https://moonn.ru/novosti,108,76,0,0,4,4,canonical_mismatch;duplicate_description;duplicate_title;images_missing_alt;long_title;missing_h1;missing_jsonld,https://moonn.ru/novosti20251118,Командировка преподавателя МГУ Татьяны Мунн в филиал МГУ в г. Ташкенте (Узбекистан). 01–05 декабря 2025 года,"Тема лекций ""Психологическая подготовка студентов первого курса к экзаменам"""
strengthen_seo,other,200,https://moonn.ru/novosti20251113,128,117,1,0,6,6,images_missing_alt;long_title;missing_jsonld,https://moonn.ru/novosti20251113,Новости: 16 ноября 2025 года Татьяна Мунн выступит на Конгрессе специалистов БРИКС с докладом об эмоциональном интеллекте лидера,Тема доклада: «Эмоциональный интеллект лидера как ключевой фактор устойчивости и доверия в эпоху глобальных перемен».
strengthen_seo,other,200,https://moonn.ru/novosti20251118,127,164,2,0,7,6,images_missing_alt;long_title;missing_jsonld;multiple_h1,https://moonn.ru/novosti20251118,18 ноября 2025 года Татьяна Мунн выступит на Конференции МГУСиТ по современным тенденциям развития физической культуры и спорта,Тема доклада: «Эмоциональная пластичность спортсмена: подход “NeuroSoft Skills” Конференция МГУСиТ по современным тенденциям развития физической культуры и спорта».
strengthen_seo,other,200,https://moonn.ru/odinochestvo,83,102,0,0,9,9,duplicate_description;images_missing_alt;long_title;missing_h1;missing_jsonld,https://moonn.ru/odinochestvo,"Одиночество. Помощь психолога - Татьяна Мунн (высокий рейтинг, быстрые результаты).","Татьяной Мунн - психолог с высоким рейтингом в Москве, хорошие отзывы, кабинет - метро Цветной бульвар"
strengthen_seo,legal_or_service,200,https://moonn.ru/offer,14,0,0,0,2,2,images_missing_alt;missing_description;missing_h1;missing_jsonld;missing_og_image;short_title,https://moonn.ru/offer,Договор оферты,
strengthen_seo,other,200,https://moonn.ru/otnosheniya-i-granitsy,91,102,0,0,8,8,duplicate_description;images_missing_alt;long_title;missing_h1;missing_jsonld,https://moonn.ru/otnosheniya-i-granitsy,"Отношения и Границы. Помощь психолога - Татьяна Мунн (высокий рейтинг, быстрые результаты).","Татьяной Мунн - психолог с высоким рейтингом в Москве, хорошие отзывы, кабинет - метро Цветной бульвар"
strengthen_seo,other,200,https://moonn.ru/otzivi,30,153,2,0,11,11,images_missing_alt;missing_jsonld;multiple_h1,https://moonn.ru/otzivi,Татьяна Мунн. Психолог. ОТЗЫВЫ,"Реальные отзывы клиентов психолога Татьяны Мунн (МГУ), которые получили быстрые результаты после нескольких консультаций. Психолог Москва Высокий Рейтинг"
review_noindex_or_rename_slug,numeric_page,200,https://moonn.ru/page103169626.html,7,40,0,0,2,2,images_missing_alt;missing_h1;missing_jsonld;opaque_or_test_slug;short_description;short_title,https://moonn.ru/page103169626.html,Новости,Шаблон для публикации новостей компании.
review_noindex_or_rename_slug,numeric_page,200,https://moonn.ru/page119171366.html,72,138,1,0,8,2,duplicate_description;duplicate_title;images_missing_alt;missing_jsonld;missing_og_image;opaque_or_test_slug,https://moonn.ru/page119171366.html,Татьяна Мунн - психолог МГУ в Москве | Быстрая психология | Консультации,"Психолог МГУ Татьяна Мунн - консультации в Москве и онлайн. Быстрая психология: тревога, выгорание, отношения. Запись в Telegram/WhatsApp."
review_noindex_or_rename_slug,numeric_page,200,https://moonn.ru/page120899276.html,72,138,1,1,2,2,duplicate_description;duplicate_title;images_missing_alt;opaque_or_test_slug,https://moonn.ru/page120899276.html,Татьяна Мунн - психолог МГУ в Москве | Быстрая психология | Консультации,"Психолог МГУ Татьяна Мунн - консультации в Москве и онлайн. Быстрая психология: тревога, выгорание, отношения. Запись в Telegram/WhatsApp."
review_noindex_or_rename_slug,numeric_page,200,https://moonn.ru/page120915666.html,72,138,1,1,2,2,duplicate_description;duplicate_title;images_missing_alt;opaque_or_test_slug,https://moonn.ru/page120915666.html,Татьяна Мунн - психолог МГУ в Москве | Быстрая психология | Консультации,"Психолог МГУ Татьяна Мунн - консультации в Москве и онлайн. Быстрая психология: тревога, выгорание, отношения. Запись в Telegram/WhatsApp."
review_noindex_or_rename_slug,numeric_page,200,https://moonn.ru/page120920636.html,72,138,1,1,2,2,duplicate_description;duplicate_title;images_missing_alt;opaque_or_test_slug,https://moonn.ru/page120920636.html,Татьяна Мунн - психолог МГУ в Москве | Быстрая психология | Консультации,"Психолог МГУ Татьяна Мунн - консультации в Москве и онлайн. Быстрая психология: тревога, выгорание, отношения. Запись в Telegram/WhatsApp."
review_noindex_or_rename_slug,numeric_page,200,https://moonn.ru/page120929166.html,72,138,1,1,2,2,duplicate_description;duplicate_title;images_missing_alt;opaque_or_test_slug,https://moonn.ru/page120929166.html,Татьяна Мунн - психолог МГУ в Москве | Быстрая психология | Консультации,"Психолог МГУ Татьяна Мунн - консультации в Москве и онлайн. Быстрая психология: тревога, выгорание, отношения. Запись в Telegram/WhatsApp."
review_noindex_or_rename_slug,numeric_page,200,https://moonn.ru/page120952796.html,72,138,1,1,2,2,duplicate_description;duplicate_title;images_missing_alt;opaque_or_test_slug,https://moonn.ru/page120952796.html,Татьяна Мунн - психолог МГУ в Москве | Быстрая психология | Консультации,"Психолог МГУ Татьяна Мунн - консультации в Москве и онлайн. Быстрая психология: тревога, выгорание, отношения. Запись в Telegram/WhatsApp."
review_noindex_or_rename_slug,numeric_page,200,https://moonn.ru/page124646186.html,72,138,1,1,2,2,duplicate_description;duplicate_title;images_missing_alt;missing_og_image;opaque_or_test_slug,https://moonn.ru/page124646186.html,Татьяна Мунн - психолог МГУ в Москве | Быстрая психология | Консультации,"Психолог МГУ Татьяна Мунн - консультации в Москве и онлайн. Быстрая психология: тревога, выгорание, отношения. Запись в Telegram/WhatsApp."
review_noindex_or_rename_slug,numeric_page,200,https://moonn.ru/page135383536.html,40,36,0,0,19,19,duplicate_description;images_missing_alt;missing_h1;missing_jsonld;opaque_or_test_slug;short_description,https://moonn.ru/page135383536.html,Copy of БАЗА - ВАЖНО - тестовая страница,Шаблон универсальной бизнес страницы
review_noindex_or_rename_slug,numeric_page,200,https://moonn.ru/page135428796.html,19,36,0,0,20,20,duplicate_description;images_missing_alt;missing_h1;missing_jsonld;opaque_or_test_slug;short_description;short_title,https://moonn.ru/page135428796.html,33_Главная страница,Шаблон универсальной бизнес страницы
review_noindex_or_rename_slug,numeric_page,200,https://moonn.ru/page44456533.html,58,46,0,0,3,3,images_missing_alt;missing_h1;missing_jsonld;opaque_or_test_slug;short_description,https://moonn.ru/page44456533.html,Записать подростка на консультацию психолога. Татьяна Мунн,записать Подростка на консультацию к психологу
review_noindex_or_rename_slug,numeric_page,200,https://moonn.ru/page44458639.html,66,71,0,0,4,4,images_missing_alt;missing_h1;missing_jsonld;opaque_or_test_slug,https://moonn.ru/page44458639.html,Записать ребенка (с 7 лет) на консультацию психолога. Татьяна Мунн,записать ребенка на консультацию к дипломированному психологу в Москве.
review_noindex_or_rename_slug,numeric_page,200,https://moonn.ru/page44459247.html,51,81,0,0,3,3,images_missing_alt;missing_h1;missing_jsonld;opaque_or_test_slug,https://moonn.ru/page44459247.html,Записаться на консультацию психолога - Татьяна Мунн,записаться на консультацию к психологу. Консультации в Кабинете в Москве и Онлайн
review_noindex_or_rename_slug,numeric_page,200,https://moonn.ru/page44526043.html,27,137,0,0,4,4,images_missing_alt;missing_h1;missing_jsonld;opaque_or_test_slug,https://moonn.ru/page44526043.html,Семинар Выгорание на работе,"Регистрация на семинар ""Выгорание на работе. Почему возникает и можно ли избежать?"". 17 марта 2024, 18.00 Москва. Оффлайн. Вход Свободный"
review_noindex_or_rename_slug,numeric_page,200,https://moonn.ru/page44551635.html,61,105,0,0,4,4,images_missing_alt;missing_h1;missing_jsonld;opaque_or_test_slug,https://moonn.ru/page44551635.html,Психологическая подготовка к экзаменам. психолог Татьяна Мунн,"подготовка школьников к ОГЭ, ЕГЭ, студентов к сессиям. Дипломированный психолог. Результат за 1-3 встречи"
review_noindex_or_rename_slug,numeric_page,200,https://moonn.ru/page44681917.html,60,123,0,0,3,3,images_missing_alt;missing_h1;missing_jsonld;opaque_or_test_slug,https://moonn.ru/page44681917.html,Психолог в Москве. Онлайн и Оффлайн. Консультация в кабинете,Записаться на консультацию к психологу: Онлайн и Оффлайн. Кабинет психолога в Москве. Конфиденциально. Цены на консультацию
review_noindex_or_rename_slug,numeric_page,200,https://moonn.ru/page45296765.html,125,269,0,0,26,26,images_missing_alt;long_description;long_title;missing_h1;missing_jsonld;opaque_or_test_slug,https://moonn.ru/page45296765.html,"Летний Лагерь для Подростков по ПСИХОЛОГИИ - Школа ПРАКТИЧЕСКОЙ Психологии для ПОДРОСТКОВ в Москве, 12-16 августа - 13-17 лет","Летний Городской Лагерь для Подростков (8-9-10 класс) 5 дней занятий - 12-16 августа, Москва, с 10.00 до 18.00. Изучение практических навыков в психологии: Быстрые техники помощи себе и друзьям. Разбор наиболее часто встречающихся психологических запросов у подростков."
review_noindex_or_rename_slug,numeric_page,200,https://moonn.ru/page45326465.html,46,109,0,0,36,36,images_missing_alt;missing_h1;missing_jsonld;opaque_or_test_slug,https://moonn.ru/page45326465.html,Школа Быстрой Психологии Татьяны Мунн в Москве,"3 дня занятий - 22-23-24 марта, Москва, с 11.00 до 20.00. Занятия проводит практикующий психолог Татьяна Мунн"
review_noindex_or_rename_slug,numeric_page,200,https://moonn.ru/page45468005.html,81,55,0,0,9,9,duplicate_description;images_missing_alt;long_title;missing_h1;missing_jsonld;opaque_or_test_slug;short_description,https://moonn.ru/page45468005.html,Copy of Вы можете стать спокойным и уверенным в себе человеком в течение 1 месяца,и всего нескольких встреч с профессиональным психологом
review_noindex_or_rename_slug,numeric_page,200,https://moonn.ru/page46838717.html,74,96,0,0,8,8,images_missing_alt;missing_h1;missing_jsonld;opaque_or_test_slug,https://moonn.ru/page46838717.html,"Семинар по психологии - ВЫГОРАНИЕ - 19.05.2024 - г. Москва, вход свободный",19 мая в Москве пройдет бесплатный семинар по теме - Выгорание. Почему возникает и как избежать?
review_noindex_or_rename_slug,numeric_page,200,https://moonn.ru/page47303655.html,120,68,0,0,8,8,images_missing_alt;long_title;missing_h1;missing_jsonld;opaque_or_test_slug;short_description,https://moonn.ru/page47303655.html,"Мастер-Класс - Быстрая Психология - метод снятия негативных состояний - 29.11 - 01.12.2024 - г. Москва, с 11.00 до 20.00",24 ноября в Москве пройдет мастер-класс по методу БЫСТРОЙ ПСИХОЛОГИИ
review_noindex_or_rename_slug,numeric_page,200,https://moonn.ru/page53913787.html,27,38,2,0,26,26,images_missing_alt;missing_jsonld;multiple_h1;opaque_or_test_slug;short_description,https://moonn.ru/page53913787.html,БЛОКИ - Архив разных блоков,практическая психология для подростков
review_noindex_or_rename_slug,numeric_page,200,https://moonn.ru/page62923017.html,7,84,0,0,3,3,images_missing_alt;missing_h1;missing_jsonld;opaque_or_test_slug;short_title,https://moonn.ru/page62923017.html,Новость,"Шаблон с отличной типографикой, простой и эффектной версткой для оформления новости."
review_noindex_or_rename_slug,numeric_page,200,https://moonn.ru/page62951593.html,57,119,0,0,4,4,duplicate_description;images_missing_alt;missing_h1;missing_jsonld;opaque_or_test_slug,https://moonn.ru/page62951593.html,Статья - Книга Ненасильственное общение. Маршал Розенберг,Статья - Управление конфликтами в семье: методы эффективного разрешения и гармонизации отношений. Психолог Татьяна Мунн
review_noindex_or_rename_slug,numeric_page,200,https://moonn.ru/page62953471.html,41,119,0,0,4,4,duplicate_description;images_missing_alt;missing_h1;missing_jsonld;opaque_or_test_slug,https://moonn.ru/page62953471.html,Статья - Книга 5 языков любви Гэри Чепмен,Статья - Управление конфликтами в семье: методы эффективного разрешения и гармонизации отношений. Психолог Татьяна Мунн
review_noindex_or_rename_slug,numeric_page,200,https://moonn.ru/page62956267.html,92,119,0,0,5,5,duplicate_description;images_missing_alt;long_title;missing_h1;missing_jsonld;opaque_or_test_slug,https://moonn.ru/page62956267.html,Статья - Книга Как говорить чтобы дети слушали и слушать чтобы дети говорили. Фабер и Мазлиш,Статья - Управление конфликтами в семье: методы эффективного разрешения и гармонизации отношений. Психолог Татьяна Мунн
review_noindex_or_rename_slug,numeric_page,200,https://moonn.ru/page62959307.html,61,119,0,0,4,4,duplicate_description;images_missing_alt;missing_h1;missing_jsonld;opaque_or_test_slug,https://moonn.ru/page62959307.html,Статья - Книга 7 навыков высокоэффективных людей. Стивен Кови,Статья - Управление конфликтами в семье: методы эффективного разрешения и гармонизации отношений. Психолог Татьяна Мунн
review_noindex_or_rename_slug,numeric_page,200,https://moonn.ru/page62962631.html,44,119,0,0,4,4,duplicate_description;images_missing_alt;missing_h1;missing_jsonld;opaque_or_test_slug,https://moonn.ru/page62962631.html,Статья - Книга 4 Соглашения. Дон Мигель Риус,Статья - Управление конфликтами в семье: методы эффективного разрешения и гармонизации отношений. Психолог Татьяна Мунн
review_noindex_or_rename_slug,numeric_page,200,https://moonn.ru/page62964151.html,50,119,0,0,8,8,duplicate_description;images_missing_alt;missing_h1;missing_jsonld;opaque_or_test_slug,https://moonn.ru/page62964151.html,Статья - Книга Радикальное прощение. Колин Типпинг,Статья - Управление конфликтами в семье: методы эффективного разрешения и гармонизации отношений. Психолог Татьяна Мунн
review_noindex_or_rename_slug,numeric_page,200,https://moonn.ru/page62970147.html,89,119,0,0,11,11,duplicate_description;images_missing_alt;long_title;missing_h1;missing_jsonld;opaque_or_test_slug,https://moonn.ru/page62970147.html,Статья - Почему плохо подавлять эмоции и как безопасно их выражать. Психолог Татьяна Мунн,Статья - Управление конфликтами в семье: методы эффективного разрешения и гармонизации отношений. Психолог Татьяна Мунн
review_noindex_or_rename_slug,numeric_page,200,https://moonn.ru/page63097209.html,48,52,0,0,3,3,duplicate_description;images_missing_alt;missing_h1;missing_jsonld;opaque_or_test_slug;short_description,https://moonn.ru/page63097209.html,Статья - Книга 12 правил жизни. Джордан Питерсон,О книге - Основные идеи книги. Психолог Татьяна Мунн
review_noindex_or_rename_slug,numeric_page,200,https://moonn.ru/page63099675.html,54,119,0,0,4,4,duplicate_description;images_missing_alt;missing_h1;missing_jsonld;opaque_or_test_slug,https://moonn.ru/page63099675.html,Статья - Книга Очарование женственности. Хелен Анделин,Статья - Управление конфликтами в семье: методы эффективного разрешения и гармонизации отношений. Психолог Татьяна Мунн
review_noindex_or_rename_slug,numeric_page,200,https://moonn.ru/page63102709.html,58,119,0,0,9,9,duplicate_description;images_missing_alt;missing_h1;missing_jsonld;opaque_or_test_slug,https://moonn.ru/page63102709.html,Статья - Книга Поток Михай Чиксенмихайи. основные принципы,Статья - Управление конфликтами в семье: методы эффективного разрешения и гармонизации отношений. Психолог Татьяна Мунн
review_noindex_or_rename_slug,numeric_page,200,https://moonn.ru/page63127703.html,45,52,0,0,3,3,duplicate_description;images_missing_alt;missing_h1;missing_jsonld;opaque_or_test_slug;short_description,https://moonn.ru/page63127703.html,Статья - Книга Путь Художника. Джулия Кэмерон,О книге - Основные идеи книги. Психолог Татьяна Мунн
review_noindex_or_rename_slug,numeric_page,200,https://moonn.ru/page63700731.html,82,85,0,0,11,11,duplicate_description;images_missing_alt;long_title;missing_h1;missing_jsonld;opaque_or_test_slug,https://moonn.ru/page63700731.html,ШАБЛОН СТАТЬИ - Абьюзинг и газлайтинг: в чем суть и отличия. Психолог Татьяна Мунн,Статья о психологическом насилии - Абьюзинг и Газлайтинг. Психолог Татьяна Мунн (МГУ)
review_noindex_or_rename_slug,numeric_page,200,https://moonn.ru/page63702011.html,8,179,0,0,2,2,images_missing_alt;missing_h1;missing_jsonld;opaque_or_test_slug;short_title,https://moonn.ru/page63702011.html,Squircle,"Squircle Neat typography, 4-column grid, a light pattern on the background, and emphasis on photography. Great for a product, service, or event promo page in the fashion industry."
review_noindex_or_rename_slug,numeric_page,200,https://moonn.ru/page90769516.html,12,143,0,0,10,10,images_missing_alt;missing_h1;missing_jsonld;missing_og_image;opaque_or_test_slug;short_title,https://moonn.ru/page90769516.html,Architecture,"Rigid visual style, large typography, emphasis in photography. Great for venture fund websites, architecture firms, or interior design studios."
review_noindex_or_rename_slug,numeric_page,200,https://moonn.ru/page90770496.html,7,161,0,0,38,38,images_missing_alt;missing_h1;missing_jsonld;opaque_or_test_slug;short_title,https://moonn.ru/page90770496.html,Iceland,Template with a dark background and wide layout grid. Bright color accents and full page cover photo. Great for event landing pages or service business websites.
review_noindex_or_rename_slug,numeric_page,200,https://moonn.ru/page90770666.html,7,147,0,0,22,22,images_missing_alt;missing_h1;missing_jsonld;opaque_or_test_slug;short_title,https://moonn.ru/page90770666.html,Plastic,"Swiss style template with dark background, rigid grid, and strong focus on typography. Great for landing pages, online boutiques, “About us” pages."
review_noindex_or_rename_slug,numeric_page,200,https://moonn.ru/page90781306.html,14,54,0,0,2,2,images_missing_alt;missing_h1;missing_jsonld;opaque_or_test_slug;short_description;short_title,https://moonn.ru/page90781306.html,Simple Article,Great fullscreen cover image and a simple text layout.
review_noindex_or_rename_slug,numeric_page,200,https://moonn.ru/page90781546.html,11,127,0,0,2,2,images_missing_alt;missing_h1;missing_jsonld;opaque_or_test_slug;short_title,https://moonn.ru/page90781546.html,Top 10 List,"Review your selections. This template includes numbers, fullscreen images, high resolution photos, and brief descriptive texts."
review_noindex_or_rename_slug,numeric_page,200,https://moonn.ru/page90781686.html,14,100,0,0,5,5,images_missing_alt;missing_h1;missing_jsonld;opaque_or_test_slug;short_title,https://moonn.ru/page90781686.html,Editorial Page,"Tell your story with multiple chapters, beautiful introduction, and text blocks with impact phrases."
strengthen_seo,other,200,https://moonn.ru/panicheskie_ataki,87,217,7,0,14,14,images_missing_alt;long_description;long_title;missing_jsonld;multiple_h1,https://moonn.ru/panicheskie_ataki,Панические атаки - быстрое избавление за 1 месяц. Психолог. Москва. В кабинете и Онлайн,"Как избавиться от Панических Атак? Быстро. Эффективно. Стабильный результат. ПСИХОЛОГ (МГУ) Татьяна Мунн. Для Взрослых и подростков. Информация об образовании и опыте, услуги и цены, отзывы, запись на прием и контакты"
strengthen_seo,legal_or_service,200,https://moonn.ru/pay-good-moon,21,0,0,0,2,2,images_missing_alt;missing_description;missing_h1;missing_jsonld;short_title,https://moonn.ru/pay-good-moon,Отлично оплата прошла,
strengthen_seo,other,200,https://moonn.ru/phytotherapy,46,38,0,0,9,9,images_missing_alt;missing_h1;missing_jsonld;short_description,https://moonn.ru/phytotherapy,Фитотерапия и Психология: забота о теле и душе,Использование Фитотерапии в психологии
strengthen_seo,other,200,https://moonn.ru/platnye-treningi-seminary-programmy-tatiana-moonn,71,224,0,0,12,11,images_missing_alt;long_description;missing_h1;missing_jsonld,https://moonn.ru/platnye-treningi-seminary-programmy-tatiana-moonn,"Платные тренинги, семинары и обучающие программы психолога Татьяны Мунн","Татьяна Мунн - преподаватель МГУ, психолог, эксперт по эмоциональному интеллекту и soft skills. Платные тренинги, семинары, лекции, обучающие программы и авторские курсы для личного развития, бизнеса, команд и руководителей."
strengthen_seo,legal_or_service,200,https://moonn.ru/politic,8,0,0,0,2,2,images_missing_alt;missing_description;missing_h1;missing_jsonld;missing_og_image;short_title,https://moonn.ru/politic,Политика,
strengthen_seo,other,200,https://moonn.ru/programmakursa,72,138,1,0,5,2,duplicate_description;duplicate_title;images_missing_alt;missing_jsonld,https://moonn.ru/programmakursa,Татьяна Мунн - психолог МГУ в Москве | Быстрая психология | Консультации,"Психолог МГУ Татьяна Мунн - консультации в Москве и онлайн. Быстрая психология: тревога, выгорание, отношения. Запись в Telegram/WhatsApp."
keep_out_of_index_or_remove_from_sitemap,service,200,https://moonn.ru/psiholog-konsultacii-moskva,59,171,2,0,13,12,images_missing_alt;missing_jsonld;multiple_h1;robots_txt_blocked,https://moonn.ru/psiholog-konsultacii-moskva,Консультации психолога в Москве - Психолог МГУ Татьяна Мунн,"Индивидуальные и семейные консультации психолога в Москве и онлайн. Татьяна Мунн - психолог МГУ, автор метода «Быстрая психология». Помощь взрослым и подросткам от 12 лет."
keep_out_of_index_or_remove_from_sitemap,service,200,https://moonn.ru/psiholog-moskva-online,72,138,1,1,50,2,duplicate_description;duplicate_title;images_missing_alt;robots_txt_blocked,https://moonn.ru/psiholog-moskva-online,Татьяна Мунн - психолог МГУ в Москве | Быстрая психология | Консультации,"Психолог МГУ Татьяна Мунн - консультации в Москве и онлайн. Быстрая психология: тревога, выгорание, отношения. Запись в Telegram/WhatsApp."
keep_out_of_index_or_remove_from_sitemap,other,200,https://moonn.ru/psiholog-tatiana-moonn,73,191,1,1,50,2,images_missing_alt;long_description;robots_txt_blocked,https://moonn.ru/psiholog-tatiana-moonn,"Психолог Татьяна Мунн — психолог МГУ, Быстрая психология, Москва и онлайн","Татьяна Мунн — психолог МГУ, автор метода «Быстрая психология». Консультации для взрослых и подростков: выгорание, тревога, отношения, эмоции. Москва и онлайн. Часто результат за 1–3 встречи."
keep_out_of_index_or_remove_from_sitemap,service,200,https://moonn.ru/psiholog_moskva,87,142,0,0,7,7,images_missing_alt;long_title;missing_h1;missing_jsonld;robots_txt_blocked,https://moonn.ru/psiholog_moskva,Психолог в Москве - Татьяна Мунн. Онлайн и Оффлайн. Помощь Сертифицированного психолога,Дипломированный психолог (МГУ им.Ломоносова). Работаю со всеми видами проблем · Индивидуальный подход. · Высокая квалификация. Конфиденциально
keep_out_of_index_or_remove_from_sitemap,other,200,https://moonn.ru/psihology,73,55,0,0,9,9,duplicate_description;images_missing_alt;missing_h1;missing_jsonld;robots_txt_blocked;short_description,https://moonn.ru/psihology,Вы можете стать спокойным и уверенным в себе человеком в течение 1 месяца,и всего нескольких встреч с профессиональным психологом
strengthen_seo,other,200,https://moonn.ru/psy4psy,53,211,1,0,20,20,images_missing_alt;long_description;missing_jsonld,https://moonn.ru/psy4psy,Психолог для психологов: Как найти поддержку для себя,"Профессиональные консультации для практикующих и начинающих психологов. Дипломированный психолог МГУ - Татьярна Мунн. Высокая квалификация, Быстрые результаты, Помощь в решение профессиональных и личных вопрсоов"
strengthen_seo,other,200,https://moonn.ru/psychoanalys,57,70,1,0,4,4,images_missing_alt;missing_jsonld,https://moonn.ru/psychoanalys,Психоанализ как метод психотерапии. Психолог Татьяна Мунн,Основные принципы Психоанализа. Психолог Татьяна Мунн (МГУ). Контакты.
strengthen_seo,other,200,https://moonn.ru/psypodgotovka1,103,142,8,0,22,20,images_missing_alt;long_title;missing_jsonld;multiple_h1,https://moonn.ru/psypodgotovka1,Психологическая подготовка к Экзаменам. Экзамены без стресса: Как подготовиться психологически к успеху,"Психологические курсы для школьников и студентов - подготовка к экзаменам ОГЭ, ЕГЭ, сессии в ВУЗах. Дипломированный психолог МГУ Татьяна Мунн."
strengthen_seo,other,200,https://moonn.ru/recomend,86,0,1,0,3,3,images_missing_alt;long_title;missing_description;missing_jsonld,https://moonn.ru/recomend,"Психология - полезная информация - книги, статьи, видео, ссылки. Психолог Татьяна Мунн",
strengthen_seo,other,200,https://moonn.ru/salt,61,88,0,0,28,26,images_missing_alt;missing_h1;missing_jsonld,https://moonn.ru/salt,Соль для здоровья - способы применения. Психолог Татьяна Мунн,Подробное описание способов применения соли. Татьяна Мунн - Дипломированный психолог МГУ
strengthen_seo,other,200,https://moonn.ru/samoocenka-i-uverennost,112,102,0,0,9,9,duplicate_description;images_missing_alt;long_title;missing_h1;missing_jsonld,https://moonn.ru/samoocenka-i-uverennost,"Низкая самооценка и неуверенность в себе. Помощь психолога - Татьяна Мунн (высокий рейтинг, быстрые результаты).","Татьяной Мунн - психолог с высоким рейтингом в Москве, хорошие отзывы, кабинет - метро Цветной бульвар"
strengthen_seo,other,200,https://moonn.ru/schematherapy,57,84,0,0,3,3,images_missing_alt;missing_h1;missing_jsonld,https://moonn.ru/schematherapy,Схематерапия: виды и описание схем. Психолог Татьяна Мунн,5 групп 18 дезадаптивных схем в Схематерапии. Психолог Татьяна Мунн (МГУ). Контакты.
strengthen_seo,other,200,https://moonn.ru/selfharm,79,222,0,0,11,11,images_missing_alt;long_description;missing_h1;missing_jsonld,https://moonn.ru/selfharm,Суицидальные мысли у подростков & самоповреждение (сеплфхарм): Помощь психолога,Помощь профессионального психолога МГУ - Татьяна Мунн. Подростковый психолог. Быстрая квалифицированная психологическая помощь подросткам и их родителям. Онлайн и в кабинете в Москве. Конфиденциально. Индивидуальный подход
strengthen_seo,article,200,https://moonn.ru/semeynie_konflikti_article,39,119,0,0,2,2,duplicate_description;images_missing_alt;missing_h1;missing_jsonld,https://moonn.ru/semeynie_konflikti_article,Управление конфликтами в семье - статья,Статья - Управление конфликтами в семье: методы эффективного разрешения и гармонизации отношений. Психолог Татьяна Мунн
strengthen_seo,service,200,https://moonn.ru/semeyniy_psiholog,47,166,0,0,8,8,images_missing_alt;missing_h1;missing_jsonld,https://moonn.ru/semeyniy_psiholog,Семейный психолог в Москве. в Кабинете и Онлайн,"Психологические консультации онлайн и в кабинете в Москве. Дипломированный психолог МГУ - Татьяна Мунн. Контакты, Цены, Отзывы. Конфиденциально. Индивидуальный подход"
strengthen_seo,other,200,https://moonn.ru/seminar555,72,133,0,0,31,31,images_missing_alt;missing_h1;missing_jsonld,https://moonn.ru/seminar555,"Обучение методу Быстрая Психология 3 дня - 29.11 - 01.12.2024, г. Москва","Психолог Татьяна Мунн - обучение авторскому методу ""Быстрая Психология"". Семинар пройдет в Москве с 29 ноября по 01 декабря 2024 года"
strengthen_seo,other,200,https://moonn.ru/shkolapsihologii,123,387,0,0,24,24,images_missing_alt;long_description;long_title;missing_h1;missing_jsonld,https://moonn.ru/shkolapsihologii,"Летний Городской Лагерь в Москве (13-17 лет) - Школа ПРАКТИЧЕСКОЙ Психологии для ПОДРОСТКОВ, 12-16 августа с 10.00 до 18.00","Лагерь для Детей в Москве (12-16 августа ) - Школа Практической психологии для подростков - это возможность избавиться от неуверенности и расстаться со своими страхами. Самым главным из них – страхом признать свою ошибку. Научиться отвечать за свои поступки и слова, не сдаваться своему неумению, побеждать себя, свою леность, застенчивость, жесткость, боль и даже физическое недомогание"
strengthen_seo,other,200,https://moonn.ru/shppp333,55,125,1,0,3,3,canonical_mismatch;images_missing_alt;missing_jsonld,http://www.moonn.ru/shkola-prakticheskoy-psihologii-dlya-podrostkov1.html,Школа Пракической Психологии для Подростков в г. Москве,"Весенние каникулы 2024г., 25-27-29 марта и 08-10-12 апреля. Практическая психология для Подростков с Татьяной Мунн (moonn.ru)"
strengthen_seo,lecture_or_events,200,https://moonn.ru/speaker,118,220,1,0,14,13,images_missing_alt;long_description;long_title;missing_jsonld,https://moonn.ru/speaker,"Психолог МГУ Татьяна Мунн — спикер и эксперт по эмоциональному интеллекту, soft skills, психологии эмоций и состояний.","Лекции и тренинги для компаний, университетов и публичных мероприятий по психологии, эмоциональному интеллекту, софт-скилз, выгоранию и многое другое. Психолог с высоким рейтингом в Москве и с большим количеством отзывов"
review_noindex_or_rename_slug,test_or_staging,200,https://moonn.ru/st1,59,174,0,0,9,9,duplicate_description;images_missing_alt;missing_h1;missing_jsonld;opaque_or_test_slug,https://moonn.ru/st1,"онлайн-тренинг ""Среда Трансформации"". психолог Татьяна Мунн","Гле взять силы и энергию на трансформацию и улучшения своей жизни? - Трансформационный тренинг ОНЛАЙН ""СРЕДА Трансформации"" поможет вернуть энергию и начать менять свою жизнь"
review_noindex_or_rename_slug,test_or_staging,200,https://moonn.ru/st2,105,174,0,0,5,5,duplicate_description;images_missing_alt;long_title;missing_h1;missing_jsonld;opaque_or_test_slug,https://moonn.ru/st2,"онлайн-тренинг ""Среда Трансформации"" стартует 31 декабря 2025 года. Автор и ведущий психолог Татьяна Мунн","Гле взять силы и энергию на трансформацию и улучшения своей жизни? - Трансформационный тренинг ОНЛАЙН ""СРЕДА Трансформации"" поможет вернуть энергию и начать менять свою жизнь"
strengthen_seo,other,200,https://moonn.ru/tatiana_moonn369,70,102,0,0,7,7,duplicate_description;images_missing_alt;missing_h1;missing_jsonld,https://moonn.ru/tatiana_moonn369,"Татьяна Мунн - психолог в Москве (высокий рейтинг, быстрые результаты)","Татьяной Мунн - психолог с высоким рейтингом в Москве, хорошие отзывы, кабинет - метро Цветной бульвар"
review_noindex_or_rename_slug,test_or_staging,200,https://moonn.ru/test77,32,36,1,0,79,69,duplicate_description;images_missing_alt;missing_jsonld;opaque_or_test_slug;short_description,https://moonn.ru/test77,БАЗА - ВАЖНО - тестовая страница,Шаблон универсальной бизнес страницы
strengthen_seo,other,200,https://moonn.ru/trauma,97,61,1,0,2,2,images_missing_alt;long_title;missing_jsonld;short_description,https://moonn.ru/trauma,Статья - Психология травмы: Влияние травматического опыта и методы терапии. Психолог Татьяна Мунн,Статья о Психологических травмах. Психолог Татьяна Мунн (МГУ)
strengthen_seo,other,200,https://moonn.ru/trevozhnost,83,102,0,0,9,9,duplicate_description;images_missing_alt;long_title;missing_h1;missing_jsonld,https://moonn.ru/trevozhnost,"Тревожность. помощь психолога - Татьяна Мунн (высокий рейтинг, быстрые результаты).","Татьяной Мунн - психолог с высоким рейтингом в Москве, хорошие отзывы, кабинет - метро Цветной бульвар"
strengthen_seo,service,200,https://moonn.ru/uslugi_aerofobia,116,180,6,0,9,9,images_missing_alt;long_title;missing_jsonld;multiple_h1,https://moonn.ru/uslugi_aerofobia,Аэрофобия Консультации по страху полётов (аэрофобия). Психолог МГУ Татьяна Мунн — автор метода “Быстрая психология”.,Помогу избавиться от страха самолётов без гипноза и медикаментов - Психолог Татьяна Мунн (МГУ). Записаться на консультацию. Индивидуальный подход. Конфиденциально. Отзывы. Контакты
strengthen_seo,service,200,https://moonn.ru/uslugi_depression,110,113,6,0,11,11,duplicate_description;images_missing_alt;long_title;missing_jsonld;multiple_h1,https://moonn.ru/uslugi_depression,Депрессивное состояние: понимание и преодоление. Психолог МГУ Москва - Татьяна Мунн. Прием в кабинете и Онлайн,Психолог Татьяна Мунн (МГУ). Записаться на консультацию. Индивидуальный подход. Конфиденциально. Отзывы. Контакты
strengthen_seo,service,200,https://moonn.ru/uslugi_fin_blocks,85,113,1,0,4,4,duplicate_description;images_missing_alt;long_title;missing_jsonld,https://moonn.ru/uslugi_fin_blocks,Проработка финансовых блоков. Психолог МГУ Москва - Татьяна Мунн. В кабинете и Онлайн,Психолог Татьяна Мунн (МГУ). Записаться на консультацию. Индивидуальный подход. Конфиденциально. Отзывы. Контакты
strengthen_seo,service,200,https://moonn.ru/uslugi_gtr,120,113,7,0,14,14,duplicate_description;images_missing_alt;long_title;missing_jsonld;multiple_h1,https://moonn.ru/uslugi_gtr,Тревожные расстройства: когда тревога становится болезнью. Психолог МГУ Москва - Татьяна Мунн. Прием в кабинете и Онлайн,Психолог Татьяна Мунн (МГУ). Записаться на консультацию. Индивидуальный подход. Конфиденциально. Отзывы. Контакты
strengthen_seo,service,200,https://moonn.ru/uslugi_konflikti_na_rabote,110,113,1,0,10,10,duplicate_description;images_missing_alt;long_title;missing_jsonld,https://moonn.ru/uslugi_konflikti_na_rabote,"Проработка внутренних конфликтов, связанных с работой. Психолог МГУ Москва - Татьяна Мунн. В кабинете и Онлайн",Психолог Татьяна Мунн (МГУ). Записаться на консультацию. Индивидуальный подход. Конфиденциально. Отзывы. Контакты
strengthen_seo,service,200,https://moonn.ru/uslugi_lubovnaya_zavisimost,99,113,6,0,8,8,duplicate_description;images_missing_alt;long_title;missing_jsonld;multiple_h1,https://moonn.ru/uslugi_lubovnaya_zavisimost,Любовные зависимости и привязанности. Психолог МГУ Москва - Татьяна Мунн. Прием в кабинете и Онлайн,Психолог Татьяна Мунн (МГУ). Записаться на консультацию. Индивидуальный подход. Конфиденциально. Отзывы. Контакты
strengthen_seo,service,200,https://moonn.ru/uslugi_obida_na_roditelei,124,113,2,0,6,6,duplicate_description;images_missing_alt;long_title;missing_jsonld;multiple_h1,https://moonn.ru/uslugi_obida_na_roditelei,"Обида на родителей - негативные чувства, связанные с детством. Психолог МГУ Москва - Татьяна Мунн. Прием в кабинете и Онлайн",Психолог Татьяна Мунн (МГУ). Записаться на консультацию. Индивидуальный подход. Конфиденциально. Отзывы. Контакты
strengthen_seo,service,200,https://moonn.ru/uslugi_otnosheniya_v_kollektive,91,113,2,0,10,10,duplicate_description;images_missing_alt;long_title;missing_jsonld;multiple_h1,https://moonn.ru/uslugi_otnosheniya_v_kollektive,Налаживание отношений в коллективе. Психолог МГУ Москва - Татьяна Мунн. В кабинете и Онлайн,Психолог Татьяна Мунн (МГУ). Записаться на консультацию. Индивидуальный подход. Конфиденциально. Отзывы. Контакты
strengthen_seo,service,200,https://moonn.ru/uslugi_podrostki,110,113,1,0,10,10,duplicate_description;images_missing_alt;long_title;missing_jsonld,https://moonn.ru/uslugi_podrostki,Психологическая консультация для подростков от 12 лет. Психолог МГУ Москва - Татьяна Мунн. В кабинете и Онлайн,Психолог Татьяна Мунн (МГУ). Записаться на консультацию. Индивидуальный подход. Конфиденциально. Отзывы. Контакты
strengthen_seo,service,200,https://moonn.ru/uslugi_procrastination,141,113,6,0,12,12,duplicate_description;images_missing_alt;long_title;missing_jsonld;multiple_h1,https://moonn.ru/uslugi_procrastination,Прокрастинация: Почему мы откладываем дела на потом и как перестать это делать. Психолог МГУ Москва - Татьяна Мунн. Прием в кабинете и Онлайн,Психолог Татьяна Мунн (МГУ). Записаться на консультацию. Индивидуальный подход. Конфиденциально. Отзывы. Контакты
strengthen_seo,service,200,https://moonn.ru/uslugi_razvod,102,113,3,0,7,7,duplicate_description;images_missing_alt;long_title;missing_jsonld;multiple_h1,https://moonn.ru/uslugi_razvod,"Помощь при расставании, измене, разводе. Психолог МГУ Москва - Татьяна Мунн. Прием в кабинете и Онлайн",Психолог Татьяна Мунн (МГУ). Записаться на консультацию. Индивидуальный подход. Конфиденциально. Отзывы. Контакты
strengthen_seo,service,200,https://moonn.ru/uslugi_sohranit_brak,147,113,5,0,9,9,duplicate_description;images_missing_alt;long_title;missing_jsonld;multiple_h1,https://moonn.ru/uslugi_sohranit_brak,"Как сохранить брак: преодоление кризисов, восстановление доверия и искусство диалога. Психолог МГУ Москва - Татьяна Мунн. Прием в кабинете и Онлайн",Психолог Татьяна Мунн (МГУ). Записаться на консультацию. Индивидуальный подход. Конфиденциально. Отзывы. Контакты
strengthen_seo,other,200,https://moonn.ru/vacuum_cups,68,99,0,0,26,26,images_missing_alt;missing_h1;missing_jsonld,https://moonn.ru/vacuum_cups,Вакуумные банки для психологического здоровья. Психолог Татьяна Мунн,Подробное описание способов применения вакуумных банок. Татьяна Мунн - Дипломированный психолог МГУ
strengthen_seo,other,200,https://moonn.ru/vecherinka369,81,143,1,0,8,8,images_missing_alt;long_title;missing_jsonld,https://moonn.ru/vecherinka369,"Психологическая ВЕЧЕРИНКА ""Среда Трансформации"" 22.10.2025. Психолог Татьяна Мунн","Психологическая вечеринка для всех желающих ""Среда Трансформации"" пройдет в среду 22 октября 2025 года в Москве. Приглашаем всех желающих (18+)"
strengthen_seo,article,200,https://moonn.ru/vigoranie_article,95,82,1,0,10,10,images_missing_alt;long_title;missing_jsonld,https://moonn.ru/vigoranie_article,"Статья - Выгорание на работе: как распознать, предотвратить и справиться. Психолог Татьяна Мунн",Статья - разберем частые причины и способы решения проблемы. Психолог Татьяна Мунн
strengthen_seo,article,200,https://moonn.ru/vospitanie_article,27,128,0,0,2,2,images_missing_alt;missing_h1;missing_jsonld,https://moonn.ru/vospitanie_article,Воспитание ребенка - статья,"Статья - Воспитание детей: как вырастить счастливого и успешного ребенка, избегая распространенных ошибок. Психолог Татьяна Мунн"
strengthen_seo,lecture_or_events,200,https://moonn.ru/vystupleniya-lekcii-treningi-psiholog-tatiana-moonn,62,255,1,0,13,12,images_missing_alt;long_description;missing_jsonld,https://moonn.ru/vystupleniya-lekcii-treningi-psiholog-tatiana-moonn,"Выступления, лекции и тренинги психолога Татьяны Мунн в Москве","Татьяна Мунн - преподаватель МГУ, психолог, эксперт по эмоциональному интеллекту и soft skills. Выступления, лекции, тренинги и мастер-классы в Москве и других городах России для компаний, вузов, конференций и мероприятий. Эксперт в области Эмоционального"
strengthen_seo,other,200,https://moonn.ru/water,91,68,1,0,26,26,images_missing_alt;long_title;missing_jsonld;short_description,https://moonn.ru/water,вода и здоровье - влияние воды на психоэмоциональное состояние. Психолог Татьяна Мунн (МГУ),Как правильно пить воду. Татьяна Мунн - Дипломированный психолог МГУ
